source_page,region,circ_num,circonscription,inscrits,votants,taux_participation,blancs_nuls,exprimes,parti,candidat,voix,pourcentage,elu
1,,,,,,,,,INDEPENDANT,KOTO EHOU SOPIE,547,4.0,False
1,,,,,,,,,RHDP,KOFFI AKA CHARLES,9078,66.35,True
1,,,,,,,,,INDEPENDANT,YEPIE KOUASSI THEODORE,58,0.42,False
1,AGNEBY-TIASSA,001,"LOVIGUIE, ORESS-KROBOU, COMMUNES ET SOUS-",52106.0,14070.0,27.0,388.0,13682.0,ADCI,EDI DOFFOU PAUL,331,2.42,False
1,AGNEBY-TIASSA,001,"LOVIGUIE, ORESS-KROBOU, COMMUNES ET SOUS-",52106.0,14070.0,27.0,388.0,13682.0,FPI,N'GUESSAN KOTCHI REMI,474,3.46,False
1,AGNEBY-TIASSA,001,"LOVIGUIE, ORESS-KROBOU, COMMUNES ET SOUS-",52106.0,14070.0,27.0,388.0,13682.0,MGC,NANDO YAVO SERGE,453,3.31,False
1,AGNEBY-TIASSA,001,"LOVIGUIE, ORESS-KROBOU, COMMUNES ET SOUS-",52106.0,14070.0,27.0,388.0,13682.0,ADCI,OCHOU WROHOUM MARIE-PASCALE,296,2.37,False
1,AGNEBY-TIASSA,001,"LOVIGUIE, ORESS-KROBOU, COMMUNES ET SOUS-",52106.0,14070.0,27.0,388.0,13682.0,RHDP,DIMBA N'GOU PIERRE,10675,85.37,True
1,AGNEBY-TIASSA,001,"LOVIGUIE, ORESS-KROBOU, COMMUNES ET SOUS-",52106.0,14070.0,27.0,388.0,13682.0,INDEPENDANT,OCHO KOKOU BERTRAND,20,0.16,False
1,AGNEBY-TIASSA,002,AGBOVILLE COMMUNE,48710.0,12821.0,26.32,317.0,12504.0,INDEPENDANT,TETCHI EHOUE ANTOINE,75,0.6,False
1,AGNEBY-TIASSA,002,AGBOVILLE COMMUNE,48710.0,12821.0,26.32,317.0,12504.0,INDEPENDANT,N'GOU KOKOLA GRACIASSE,30,0.24,False
1,AGNEBY-TIASSA,002,AGBOVILLE COMMUNE,48710.0,12821.0,26.32,317.0,12504.0,PDCI-RDA,OHOUNA N'TAKPE NICAISE,1327,10.61,False
1,AGNEBY-TIASSA,003,AZAGUIE COMMUNE ET SOUS-PREFECTURE,15515.0,5174.0,33.35,73.0,5101.0,INDEPENDANT,ADJA OWO GILLES ROGER,96,1.88,False
1,AGNEBY-TIASSA,003,AZAGUIE COMMUNE ET SOUS-PREFECTURE,15515.0,5174.0,33.35,73.0,5101.0,RHDP,ALAIN EKISSI,1673,32.8,True
1,AGNEBY-TIASSA,003,AZAGUIE COMMUNE ET SOUS-PREFECTURE,15515.0,5174.0,33.35,73.0,5101.0,INDEPENDANT,BAMBA IDRISSA,256,5.02,False
1,AGNEBY-TIASSA,003,AZAGUIE COMMUNE ET SOUS-PREFECTURE,15515.0,5174.0,33.35,73.0,5101.0,PDCI-RDA,EKISSI HUBERSON EVARISTHO ALVARIS,163,3.2,False
1,AGNEBY-TIASSA,003,AZAGUIE COMMUNE ET SOUS-PREFECTURE,15515.0,5174.0,33.35,73.0,5101.0,INDEPENDANT,AKOUE BEDE ANSELME,203,2.74,False
1,AGNEBY-TIASSA,003,AZAGUIE COMMUNE ET SOUS-PREFECTURE,15515.0,5174.0,33.35,73.0,5101.0,INDEPENDANT,TCHIMOU OKOMAN EMMANUEL,1668,22.51,False
1,AGNEBY-TIASSA,003,AZAGUIE COMMUNE ET SOUS-PREFECTURE,15515.0,5174.0,33.35,73.0,5101.0,INDEPENDANT,OFFO ABOLE SYLVAIN,827,11.16,False
1,AGNEBY-TIASSA,003,AZAGUIE COMMUNE ET SOUS-PREFECTURE,15515.0,5174.0,33.35,73.0,5101.0,INDEPENDANT,N'GOU OKAUGNY YANNICK ANICET,110,1.48,False
1,AGNEBY-TIASSA,003,AZAGUIE COMMUNE ET SOUS-PREFECTURE,15515.0,5174.0,33.35,73.0,5101.0,RHDP,KOUASSI MARIE VIRGINIE,2607,35.19,True
1,AGNEBY-TIASSA,004,AZAGUIE COMMUNE ET SOUS-PREFECTURE,23466.0,7650.0,32.6,241.0,7409.0,INDEPENDANT,ATIN ERIC ALAIN,355,4.79,False
1,AGNEBY-TIASSA,004,AZAGUIE COMMUNE ET SOUS-PREFECTURE,23466.0,7650.0,32.6,241.0,7409.0,INDEPENDANT,OFFO BEDIA AKE VINCENT,197,2.66,False
1,AGNEBY-TIASSA,004,AZAGUIE COMMUNE ET SOUS-PREFECTURE,23466.0,7650.0,32.6,241.0,7409.0,INDEPENDANT,KOFFI ANGBA GUY RICHARD,65,0.88,False
1,AGNEBY-TIASSA,004,AZAGUIE COMMUNE ET SOUS-PREFECTURE,23466.0,7650.0,32.6,241.0,7409.0,FPI,ASSEKE BERNARD,117,1.58,False
1,AGNEBY-TIASSA,004,AZAGUIE COMMUNE ET SOUS-PREFECTURE,23466.0,7650.0,32.6,241.0,7409.0,PDCI-RDA,N'GUESSAN AKA ARNAUD,1211,16.34,False
2,AGNEBY-TIASSA,004,AZAGUIE COMMUNE ET SOUS-PREFECTURE,23466.0,7650.0,32.6,241.0,7409.0,INDEPENDANT,BOTTI ADJIRI BERNARD,1127,10.81,False
2,AGNEBY-TIASSA,004,AZAGUIE COMMUNE ET SOUS-PREFECTURE,23466.0,7650.0,32.6,241.0,7409.0,INDEPENDANT,YAO YAO ERIC ARMAND,1710,16.41,False
2,AGNEBY-TIASSA,004,AZAGUIE COMMUNE ET SOUS-PREFECTURE,23466.0,7650.0,32.6,241.0,7409.0,INDEPENDANT,BIPKO DANIELLE ADAHI,1417,13.6,False
2,AGNEBY-TIASSA,004,AZAGUIE COMMUNE ET SOUS-PREFECTURE,23466.0,7650.0,32.6,241.0,7409.0,INDEPENDANT,KOPRO AMANI PIERRE VENCESLAS VINCENT,580,5.57,False
2,AGNEBY-TIASSA,005,"GOMON ET SIKENSI, COMMUNES ET SOUS-PREFECTURES",37720.0,10768.0,28.55,347.0,10421.0,INDEPENDANT,SAHORE N'GUESSAN PASCAL,157,1.51,False
2,AGNEBY-TIASSA,005,"GOMON ET SIKENSI, COMMUNES ET SOUS-PREFECTURES",37720.0,10768.0,28.55,347.0,10421.0,INDEPENDANT,ADOU JOSE ANTONIO,64,0.61,False
2,AGNEBY-TIASSA,005,"GOMON ET SIKENSI, COMMUNES ET SOUS-PREFECTURES",37720.0,10768.0,28.55,347.0,10421.0,INDEPENDANT,ADANGBA KASSA-KASSA RAPHAEL,32,0.31,False
2,AGNEBY-TIASSA,005,"GOMON ET SIKENSI, COMMUNES ET SOUS-PREFECTURES",37720.0,10768.0,28.55,347.0,10421.0,PDCI-RDA,ASSOUMOU BAKA CHARLES,1626,15.6,False
2,AGNEBY-TIASSA,005,"GOMON ET SIKENSI, COMMUNES ET SOUS-PREFECTURES",37720.0,10768.0,28.55,347.0,10421.0,RHDP,KANGBE YAYORO CHARLES LOPEZ,3169,35.46,True
2,AGNEBY-TIASSA,005,"GOMON ET SIKENSI, COMMUNES ET SOUS-PREFECTURES",37720.0,10768.0,28.55,347.0,10421.0,ADCI,CAMARA ISSOUF,1848,20.68,False
2,AGNEBY-TIASSA,005,"GOMON ET SIKENSI, COMMUNES ET SOUS-PREFECTURES",37720.0,10768.0,28.55,347.0,10421.0,INDEPENDANT,TANOH AMOI CHRISTIAN,88,0.98,False
2,AGNEBY-TIASSA,005,"GOMON ET SIKENSI, COMMUNES ET SOUS-PREFECTURES",37720.0,10768.0,28.55,347.0,10421.0,INDEPENDANT,GOUHAN EKANZA JULES ROLAND MONSIHO,282,3.16,False
2,AGNEBY-TIASSA,006,"GOMON ET SIKENSI, COMMUNES ET SOUS-PREFECTURES",31758.0,9221.0,29.04,283.0,8938.0,INDEPENDANT,N'GUESSAN AUGUSTIN KOUAKOU KASSI,868,9.71,False
2,AGNEBY-TIASSA,006,"GOMON ET SIKENSI, COMMUNES ET SOUS-PREFECTURES",31758.0,9221.0,29.04,283.0,8938.0,INDEPENDANT,KOUAKOU NGORAN JEROME,126,1.41,False
2,AGNEBY-TIASSA,006,"GOMON ET SIKENSI, COMMUNES ET SOUS-PREFECTURES",31758.0,9221.0,29.04,283.0,8938.0,CNPCIN,YAO CHRIST FRANCIS ALAIN GILLES,110,1.23,False
2,AGNEBY-TIASSA,006,"GOMON ET SIKENSI, COMMUNES ET SOUS-PREFECTURES",31758.0,9221.0,29.04,283.0,8938.0,PDCI-RDA,OBOUMOU GOLE MARCELIN,2375,26.57,False
2,AGNEBY-TIASSA,006,"GOMON ET SIKENSI, COMMUNES ET SOUS-PREFECTURES",31758.0,9221.0,29.04,283.0,8938.0,ADCI,- GP-PAIX - VALEUR ASSALE TIEMOKO ANTOINE,7489,45.88,False
2,AGNEBY-TIASSA,007,"GOMON ET SIKENSI, COMMUNES ET SOUS-PREFECTURES",39362.0,16841.0,42.78,518.0,16323.0,RHDP,SANOGO DRAMANE ALPHA,8557,52.42,True
2,AGNEBY-TIASSA,007,"GOMON ET SIKENSI, COMMUNES ET SOUS-PREFECTURES",39362.0,16841.0,42.78,518.0,16323.0,PDCI-RDA,MIAN OCTAVI PEROU,159,0.97,False
2,AGNEBY-TIASSA,007,"GOMON ET SIKENSI, COMMUNES ET SOUS-PREFECTURES",39362.0,16841.0,42.78,518.0,16323.0,GJPA-CI,KOFFI NDRI FERDINAND,35,0.49,False
2,AGNEBY-TIASSA,007,"GOMON ET SIKENSI, COMMUNES ET SOUS-PREFECTURES",39362.0,16841.0,42.78,518.0,16323.0,INDEPENDANT,KOUASSI KOFFI KAN ANICET DIDIER,881,12.28,False
2,AGNEBY-TIASSA,007,"GOMON ET SIKENSI, COMMUNES ET SOUS-PREFECTURES",39362.0,16841.0,42.78,518.0,16323.0,INDEPENDANT,BOKA YAO DANIEL,911,12.69,False
2,AGNEBY-TIASSA,007,"GOMON ET SIKENSI, COMMUNES ET SOUS-PREFECTURES",39362.0,16841.0,42.78,518.0,16323.0,RHDP,KOUADIO BEUGRE BERNARD,3912,54.51,True
2,AGNEBY-TIASSA,008,"PACOBO ET TAABO, COMMUNES ET SOUS-PREFECTURES",23159.0,7576.0,32.71,399.0,7177.0,INDEPENDANT,NAHOUNOU FELICITE VERONIQUE N'GUESSAN,81,1.13,False
2,AGNEBY-TIASSA,008,"PACOBO ET TAABO, COMMUNES ET SOUS-PREFECTURES",23159.0,7576.0,32.71,399.0,7177.0,INDEPENDANT,MBASSIDJE EDDOH CHRISTIAN RICHARD,59,0.82,False
2,AGNEBY-TIASSA,008,"PACOBO ET TAABO, COMMUNES ET SOUS-PREFECTURES",23159.0,7576.0,32.71,399.0,7177.0,INDEPENDANT,EBOU ADJOUA ANGELE,84,1.17,False
2,AGNEBY-TIASSA,008,"PACOBO ET TAABO, COMMUNES ET SOUS-PREFECTURES",23159.0,7576.0,32.71,399.0,7177.0,PDCI-RDA,KOUAME KOFFI RUFIN,1150,16.02,False
3,AGNEBY-TIASSA,008,"PACOBO ET TAABO, COMMUNES ET SOUS-PREFECTURES",23159.0,7576.0,32.71,399.0,7177.0,INDEPENDANT,DIABATE MAMADOU,75,0.63,False
3,AGNEBY-TIASSA,009,"PACOBO ET TAABO, COMMUNES ET SOUS-PREFECTURES",17626.0,11919.0,67.62,59.0,11860.0,PDCI-RDA,SOUMAHORO SOULEYMANE,408,3.44,False
3,AGNEBY-TIASSA,009,"PACOBO ET TAABO, COMMUNES ET SOUS-PREFECTURES",17626.0,11919.0,67.62,59.0,11860.0,RHDP,DIOMANDE LASSINA,11219,94.6,True
3,AGNEBY-TIASSA,009,"PACOBO ET TAABO, COMMUNES ET SOUS-PREFECTURES",17626.0,11919.0,67.62,59.0,11860.0,INDEPENDANT,BAKAYOKO KARAMOKO,2894,44.76,False
3,AGNEBY-TIASSA,010,"KORO, COMMUNE ET SOUS-PREFECTURE",13092.0,6583.0,50.28,117.0,6466.0,RHDP,SOUMAHORO YOUSSOUF,3498,54.1,True
3,AGNEBY-TIASSA,010,"KORO, COMMUNE ET SOUS-PREFECTURE",13092.0,6583.0,50.28,117.0,6466.0,CNJB-ADO,DIOMANDE AMARA,68,0.45,False
3,AGNEBY-TIASSA,010,"KORO, COMMUNE ET SOUS-PREFECTURE",13092.0,6583.0,50.28,117.0,6466.0,INDEPENDANT,BAMBA MORY,2724,17.99,False
3,AGNEBY-TIASSA,011,"KORO, COMMUNE ET SOUS-PREFECTURE",25316.0,15353.0,60.65,215.0,15138.0,RHDP,MAMADOU SANOGO,6026,39.81,True
3,AGNEBY-TIASSA,011,"KORO, COMMUNE ET SOUS-PREFECTURE",25316.0,15353.0,60.65,215.0,15138.0,INDEPENDANT,MEMAN BAMBA,1524,11.59,False
3,AGNEBY-TIASSA,011,"KORO, COMMUNE ET SOUS-PREFECTURE",25316.0,15353.0,60.65,215.0,15138.0,INDEPENDANT,ALIDJOU TOURE,3256,24.77,False
3,AGNEBY-TIASSA,011,"KORO, COMMUNE ET SOUS-PREFECTURE",25316.0,15353.0,60.65,215.0,15138.0,INDEPENDANT,KONE MAMADOU,2287,17.4,False
3,BAFING,012,"KORO, COMMUNE ET SOUS-PREFECTURE",21299.0,13342.0,62.64,196.0,13146.0,INDEPENDANT,MIAMAN KONE,1098,8.35,False
3,BAFING,012,"KORO, COMMUNE ET SOUS-PREFECTURE",21299.0,13342.0,62.64,196.0,13146.0,RHDP,DIOMANDE VASSADIA,3613,27.48,True
3,BAFING,012,"KORO, COMMUNE ET SOUS-PREFECTURE",21299.0,13342.0,62.64,196.0,13146.0,INDEPENDANT,MOUSSA BAMBA,1227,9.33,False
3,BAFING,012,"KORO, COMMUNE ET SOUS-PREFECTURE",21299.0,13342.0,62.64,196.0,13146.0,RHDP,SANOGO MOUSSA,4962,69.92,True
3,BAFING,013,"TOUBA, COMMUNE",14962.0,7151.0,47.79,54.0,7097.0,INDEPENDANT,BAMBA ANZOUMANA,2060,29.03,False
3,BAFING,013,"TOUBA, COMMUNE",14962.0,7151.0,47.79,54.0,7097.0,RHDP,COULIBALY FONONNA CHEICK AHMED,5606,44.95,True
3,BAFING,013,"TOUBA, COMMUNE",14962.0,7151.0,47.79,54.0,7097.0,INDEPENDANT,OUATTARA GUIBESSONGUI ISSA,4488,35.98,False
3,BAFING,014,"TOUBA, COMMUNE",19315.0,12802.0,66.28,330.0,12472.0,INDEPENDANT,COULIBALY LASSINAN,1576,12.64,False
3,BAFING,014,"TOUBA, COMMUNE",19315.0,12802.0,66.28,330.0,12472.0,INDEPENDANT,COULIBALY ZIE SOUMAILA,598,4.79,False
3,BAFING,015,"TOUBA, COMMUNE",36892.0,36846.0,99.88,0.0,36846.0,RHDP,KONE MARIATOU,36846,100.0,True
3,BAFING,015,"TOUBA, COMMUNE",36892.0,36846.0,99.88,0.0,36846.0,INDEPENDANT,TRAORE DON SAMUEL,3692,31.45,False
3,BAGOUE,017,"TOUBA, COMMUNE",31360.0,20373.0,64.96,183.0,20190.0,INDEPENDANT,BALLO NOUHO,10331,51.17,True
3,BAGOUE,017,"TOUBA, COMMUNE",31360.0,20373.0,64.96,183.0,20190.0,RHDP,TOURE ALPHA YAYA,8239,40.81,False
3,BAGOUE,017,"TOUBA, COMMUNE",31360.0,20373.0,64.96,183.0,20190.0,INDEPENDANT,KONE SEYDOU,274,1.24,False
3,BAGOUE,017,"TOUBA, COMMUNE",31360.0,20373.0,64.96,183.0,20190.0,INDEPENDANT,DIARRASSOUBA SOUMAILA,11811,53.62,True
3,BAGOUE,018,"TOUBA, COMMUNE",36904.0,22247.0,60.28,221.0,22026.0,INDEPENDANT,DIARRASSOUBA ABDOULAYE,3070,13.94,False
3,BAGOUE,018,"TOUBA, COMMUNE",36904.0,22247.0,60.28,221.0,22026.0,RHDP,TRAORE MARIAME,6674,30.3,False
4,BAGOUE,018,"TOUBA, COMMUNE",36904.0,22247.0,60.28,221.0,22026.0,RHDP,KOFFI KOFFI SERAPHIN,5037,45.32,False
4,BAGOUE,019,"TOUBA, COMMUNE",36304.0,11536.0,31.78,421.0,11115.0,INDEPENDANT,KONAN ULRICH KOUADIO SERGE RENE,199,1.79,False
4,BAGOUE,019,"TOUBA, COMMUNE",36304.0,11536.0,31.78,421.0,11115.0,PDCI-RDA,N'GUESSAN KOUASSI EDOUARD,5741,51.65,True
4,BAGOUE,019,"TOUBA, COMMUNE",36304.0,11536.0,31.78,421.0,11115.0,INDEPENDANT,ENSEMBLE TOUT EST POSSIBLE,80,0.56,False
4,BAGOUE,019,"TOUBA, COMMUNE",36304.0,11536.0,31.78,421.0,11115.0,INDEPENDANT,LES PROGRESSISTES,222,1.56,False
4,BAGOUE,019,"TOUBA, COMMUNE",36304.0,11536.0,31.78,421.0,11115.0,RHDP,"UNE COTE DIVOIRE EN PAIX , PROSPERE ET SOLIDAIRE",6127,43.02,False
4,BAGOUE,020,"TOUBA, COMMUNE",42781.0,14778.0,34.54,537.0,14241.0,INDEPENDANT,ENSEMBLE POUR LE DEVELOPPEMENT,190,1.33,False
4,BAGOUE,020,"TOUBA, COMMUNE",42781.0,14778.0,34.54,537.0,14241.0,PRO CI,PRO COTE DIVOIRE POUR UN PARLEMENT DEFENSEUR DES POPULATIONS,70,0.49,False
4,BAGOUE,020,"TOUBA, COMMUNE",42781.0,14778.0,34.54,537.0,14241.0,PDCI-RDA,TOUS ENSEMBLE POUR LA COTE D'IVOIRE,7418,52.09,True
4,BELIER,021,"TOUMODI, COMMUNE",31946.0,9783.0,30.62,338.0,9445.0,PDCI-RDA,ALLIALI HERVE DOMINIQUE DIE,4630,49.02,True
4,BELIER,021,"TOUMODI, COMMUNE",31946.0,9783.0,30.62,338.0,9445.0,INDEPENDANT,KOUADIO N'GUESSAN CHARLES,160,1.31,False
4,BELIER,021,"TOUMODI, COMMUNE",31946.0,9783.0,30.62,338.0,9445.0,INDEPENDANT,N'GUESSAN KOUAME MARIUS MAURINIER,61,0.5,False
4,BELIER,021,"TOUMODI, COMMUNE",31946.0,9783.0,30.62,338.0,9445.0,RHDP,KONAN YAO SIMPLICE,4846,39.66,False
4,BELIER,022,"COMMUNES ET SOUS-PREFECTURES, TOUMODI, SOUS-",43279.0,12775.0,29.52,556.0,12219.0,INDEPENDANT,KOUADIO KOFFI ASSASSI MARCEL,85,0.7,False
4,BELIER,022,"COMMUNES ET SOUS-PREFECTURES, TOUMODI, SOUS-",43279.0,12775.0,29.52,556.0,12219.0,INDEPENDANT,KOUAKOU KOUADIO JUVENAL,60,0.49,False
4,BELIER,022,"COMMUNES ET SOUS-PREFECTURES, TOUMODI, SOUS-",43279.0,12775.0,29.52,556.0,12219.0,PDCI-RDA,N'DAKPRI DJAHA ANGE FELIX,6782,55.5,True
4,BELIER,022,"COMMUNES ET SOUS-PREFECTURES, TOUMODI, SOUS-",43279.0,12775.0,29.52,556.0,12219.0,INDEPENDANT,ADAMA BAKAYOKO,8087,55.52,True
4,BELIER,023,"COMMUNES ET SOUS-PREFECTURES, TOUMODI, SOUS-",25590.0,14752.0,57.65,187.0,14565.0,RHDP,HAMADOU KAMAGATE,6196,42.54,False
4,BELIER,023,"COMMUNES ET SOUS-PREFECTURES, TOUMODI, SOUS-",25590.0,14752.0,57.65,187.0,14565.0,PDCI-RDA,KATIENSELY COULIBALY,45,0.31,False
4,BELIER,023,"COMMUNES ET SOUS-PREFECTURES, TOUMODI, SOUS-",25590.0,14752.0,57.65,187.0,14565.0,INDEPENDANT,KONATE BAKARY,1055,6.47,False
4,BELIER,023,"COMMUNES ET SOUS-PREFECTURES, TOUMODI, SOUS-",25590.0,14752.0,57.65,187.0,14565.0,INDEPENDANT,KONE AMOURLAYE,4127,25.31,False
4,BELIER,024,"COMMUNES ET SOUS-PREFECTURES, TOUMODI, SOUS-",26729.0,16599.0,62.1,291.0,16308.0,INDEPENDANT,CISSE ISAAC,886,5.43,False
4,BELIER,024,"COMMUNES ET SOUS-PREFECTURES, TOUMODI, SOUS-",26729.0,16599.0,62.1,291.0,16308.0,RHDP,GNANGADJOMON KONE,9862,60.47,True
4,BELIER,024,"COMMUNES ET SOUS-PREFECTURES, TOUMODI, SOUS-",26729.0,16599.0,62.1,291.0,16308.0,RHDP,FOFANA EPSE MEITE SALIMATA,7756,64.85,True
4,BELIER,024,"COMMUNES ET SOUS-PREFECTURES, TOUMODI, SOUS-",26729.0,16599.0,62.1,291.0,16308.0,INDEPENDANT,BAMBA LADJI,5703,48.99,True
4,BERE,026,"COMMUNES ET SOUS-PREFECTURES, TOUMODI, SOUS-",21935.0,11771.0,53.66,130.0,11641.0,INDEPENDANT,WASSI KANATE,423,3.63,False
4,BERE,026,"COMMUNES ET SOUS-PREFECTURES, TOUMODI, SOUS-",21935.0,11771.0,53.66,130.0,11641.0,RHDP,DOGOSSATI BAKAYOKO,5320,45.7,False
4,BERE,026,"COMMUNES ET SOUS-PREFECTURES, TOUMODI, SOUS-",21935.0,11771.0,53.66,130.0,11641.0,INDEPENDANT,BAGATE ABDOULE TIECOURA,2190,21.2,False
4,BERE,026,"COMMUNES ET SOUS-PREFECTURES, TOUMODI, SOUS-",21935.0,11771.0,53.66,130.0,11641.0,INDEPENDANT,BISSA AUGUSTIN,2785,26.97,False
4,BERE,027,"COMMUNES ET SOUS-PREFECTURES, TOUMODI, SOUS-",24391.0,10680.0,43.79,352.0,10328.0,INDEPENDANT,GBEGBE BATO OLIVIER,426,4.12,False
4,BERE,027,"COMMUNES ET SOUS-PREFECTURES, TOUMODI, SOUS-",24391.0,10680.0,43.79,352.0,10328.0,RHDP,BAMBA CHEICK LANCINA,4606,44.6,True
4,BERE,027,"COMMUNES ET SOUS-PREFECTURES, TOUMODI, SOUS-",24391.0,10680.0,43.79,352.0,10328.0,PDCI-RDA,DELLOH ERIC,97,0.94,False
4,BERE,027,"COMMUNES ET SOUS-PREFECTURES, TOUMODI, SOUS-",24391.0,10680.0,43.79,352.0,10328.0,CODE,CONGRES DEMOCRATIQUE,1820,12.98,False
4,BERE,028,"BOUKO ET BOUNA, COMMUNES ET SOUS-PREFECTURES",26581.0,14195.0,53.4,169.0,14026.0,RHDP,"UNE COTE DIVOIRE EN PAIX,PROSPERE ET SOLIDAIRE",11923,85.01,True
5,BERE,028,"BOUKO ET BOUNA, COMMUNES ET SOUS-PREFECTURES",26581.0,14195.0,53.4,169.0,14026.0,INDEPENDANT,SIB SIE JEAN,2550,35.19,True
5,BERE,028,"BOUKO ET BOUNA, COMMUNES ET SOUS-PREFECTURES",26581.0,14195.0,53.4,169.0,14026.0,RHDP,KAMBOU SIE,2178,30.05,False
5,BERE,028,"BOUKO ET BOUNA, COMMUNES ET SOUS-PREFECTURES",26581.0,14195.0,53.4,169.0,14026.0,INDEPENDANT,SOM SIE JEAN BAPTISTE,1621,22.37,False
5,BERE,029,"BOUKO ET BOUNA, COMMUNES ET SOUS-PREFECTURES",11091.0,7346.0,66.23,99.0,7247.0,INDEPENDANT,KAMBIRE SIE BOMITE JULIEN,96,1.32,False
5,BERE,029,"BOUKO ET BOUNA, COMMUNES ET SOUS-PREFECTURES",11091.0,7346.0,66.23,99.0,7247.0,INDEPENDANT,KAMBOU BALIRE JEROME,423,5.84,False
5,BERE,029,"BOUKO ET BOUNA, COMMUNES ET SOUS-PREFECTURES",11091.0,7346.0,66.23,99.0,7247.0,FPI,KAMBOU OLLO PAUL,112,1.55,False
5,BERE,029,"BOUKO ET BOUNA, COMMUNES ET SOUS-PREFECTURES",11091.0,7346.0,66.23,99.0,7247.0,PDCI-RDA,HIEN PIRIHINTE,58,0.8,False
5,BERE,029,"BOUKO ET BOUNA, COMMUNES ET SOUS-PREFECTURES",11091.0,7346.0,66.23,99.0,7247.0,INDEPENDANT,KOUASSI KOUADIO JOEL,158,1.56,False
5,BERE,029,"BOUKO ET BOUNA, COMMUNES ET SOUS-PREFECTURES",11091.0,7346.0,66.23,99.0,7247.0,INDEPENDANT,OUATTARA KOFFI,153,1.51,False
5,BERE,029,"BOUKO ET BOUNA, COMMUNES ET SOUS-PREFECTURES",11091.0,7346.0,66.23,99.0,7247.0,INDEPENDANT,KAMBOU HOLO,439,3.14,False
5,BERE,029,"BOUKO ET BOUNA, COMMUNES ET SOUS-PREFECTURES",11091.0,7346.0,66.23,99.0,7247.0,RHDP,OUATTARA AMARA,6583,47.12,True
5,BOUNKANI,031,"BOUKO ET BOUNA, COMMUNES ET SOUS-PREFECTURES",21508.0,14236.0,66.19,266.0,13970.0,INDEPENDANT,KRA EUGENE KOUASSI,1315,9.41,False
5,BOUNKANI,031,"BOUKO ET BOUNA, COMMUNES ET SOUS-PREFECTURES",21508.0,14236.0,66.19,266.0,13970.0,GP-PAIX,DABILA KOUADIO JEAN-MARIE,93,0.67,False
5,BOUNKANI,031,"BOUKO ET BOUNA, COMMUNES ET SOUS-PREFECTURES",21508.0,14236.0,66.19,266.0,13970.0,PDCI-RDA,KOUADIO DEGLEGUI EDMOND,5362,38.38,False
5,BOUNKANI,031,"BOUKO ET BOUNA, COMMUNES ET SOUS-PREFECTURES",21508.0,14236.0,66.19,266.0,13970.0,INDEPENDANT,SIB SANSAN DIEUDONNE,2392,41.26,False
5,BOUNKANI,031,"BOUKO ET BOUNA, COMMUNES ET SOUS-PREFECTURES",21508.0,14236.0,66.19,266.0,13970.0,INDEPENDANT,PALE OLLO DESIRE,491,8.47,False
5,BOUNKANI,032,"BOUKO ET BOUNA, COMMUNES ET SOUS-PREFECTURES",10547.0,5885.0,55.8,87.0,5798.0,RHDP,OUATTARA OUMAR,2694,46.46,True
5,BOUNKANI,032,"BOUKO ET BOUNA, COMMUNES ET SOUS-PREFECTURES",10547.0,5885.0,55.8,87.0,5798.0,INDEPENDANT,PALE SANSAN,61,1.05,False
5,BOUNKANI,032,"BOUKO ET BOUNA, COMMUNES ET SOUS-PREFECTURES",10547.0,5885.0,55.8,87.0,5798.0,RHDP,UNE COTE DIVOIRE PROSPERE ET SOLIDAIRE,5882,52.63,True
5,BOUNKANI,033,"BOUKO ET BOUNA, COMMUNES ET SOUS-PREFECTURES",34438.0,11735.0,34.08,558.0,11177.0,INDEPENDANT,CANDIDATURE POUR LA DIGNITE ET LE TRIOMPHE DU PEUPLE,344,3.08,False
5,BOUNKANI,033,"BOUKO ET BOUNA, COMMUNES ET SOUS-PREFECTURES",34438.0,11735.0,34.08,558.0,11177.0,PDCI-RDA,TOUS ENSEMBLE POUR LA COTE DIVOIRE,4816,43.09,False
5,BOUNKANI,033,"BOUKO ET BOUNA, COMMUNES ET SOUS-PREFECTURES",34438.0,11735.0,34.08,558.0,11177.0,INDEPENDANT,KEI GBOHOU MELAINE,62,0.99,False
5,BOUNKANI,034,"BOUKO ET BOUNA, COMMUNES ET SOUS-PREFECTURES",16418.0,6438.0,39.21,189.0,6249.0,RHDP,TIO LOUIS SERGE,3951,63.23,True
5,BOUNKANI,034,"BOUKO ET BOUNA, COMMUNES ET SOUS-PREFECTURES",16418.0,6438.0,39.21,189.0,6249.0,PDCI-RDA,SARR BOHE MARIUS MELAINE DEGBAHOUA,2166,34.66,False
5,BOUNKANI,034,"BOUKO ET BOUNA, COMMUNES ET SOUS-PREFECTURES",16418.0,6438.0,39.21,189.0,6249.0,RHDP,SERODE GUI HERVE MARC GATIEN,4099,58.06,True
5,BOUNKANI,034,"BOUKO ET BOUNA, COMMUNES ET SOUS-PREFECTURES",16418.0,6438.0,39.21,189.0,6249.0,INDEPENDANT,BAMBA LANCINE,175,2.48,False
5,CAVALLY,035,"GUIGLO, COMMUNE",35868.0,7312.0,20.39,252.0,7060.0,INDEPENDANT,KEMONSIEHI JEAN BEDEL,567,8.03,False
5,CAVALLY,035,"GUIGLO, COMMUNE",35868.0,7312.0,20.39,252.0,7060.0,INDEPENDANT,TAHI HOULOUNEGNION ALEXIS,191,2.71,False
5,CAVALLY,035,"GUIGLO, COMMUNE",35868.0,7312.0,20.39,252.0,7060.0,INDEPENDANT,SIHE JESUS,1150,16.29,False
6,CAVALLY,035,"GUIGLO, COMMUNE",35868.0,7312.0,20.39,252.0,7060.0,INDEPENDANT,TIEDE ROBINSON POANHOULOU,71,1.02,False
6,CAVALLY,035,"GUIGLO, COMMUNE",35868.0,7312.0,20.39,252.0,7060.0,INDEPENDANT,COULIBALY KAYAFEHE LACINA,334,4.78,False
6,CAVALLY,035,"GUIGLO, COMMUNE",35868.0,7312.0,20.39,252.0,7060.0,RHDP,BAYALLA KOUYE MAYA HIPPOLYTE,4793,68.59,True
6,CAVALLY,036,"TAI ET ZAGNE, COMMUNES ET SOUS-PREFECTURES",23648.0,7238.0,30.61,250.0,6988.0,CODE,VIMPLOU DJEHI GUEHE,55,0.79,False
6,CAVALLY,036,"TAI ET ZAGNE, COMMUNES ET SOUS-PREFECTURES",23648.0,7238.0,30.61,250.0,6988.0,INDEPENDANT,GUIRE TCHERPKAHON EDGARD,87,1.24,False
6,CAVALLY,036,"TAI ET ZAGNE, COMMUNES ET SOUS-PREFECTURES",23648.0,7238.0,30.61,250.0,6988.0,PDCI-RDA,GNONKONTE GNESSOA DESIRE,1585,22.68,False
6,CAVALLY,036,"TAI ET ZAGNE, COMMUNES ET SOUS-PREFECTURES",23648.0,7238.0,30.61,250.0,6988.0,RHDP,OULOTO ANNE DESIREE,6465,60.88,True
6,CAVALLY,036,"TAI ET ZAGNE, COMMUNES ET SOUS-PREFECTURES",23648.0,7238.0,30.61,250.0,6988.0,ADCI,DESSAON DOUANGNININ FABRICE,297,2.8,False
6,CAVALLY,037,"TAI ET ZAGNE, COMMUNES ET SOUS-PREFECTURES",22722.0,11201.0,49.3,581.0,10620.0,INDEPENDANT,BROU KOUAME PACOME,124,1.17,False
6,CAVALLY,037,"TAI ET ZAGNE, COMMUNES ET SOUS-PREFECTURES",22722.0,11201.0,49.3,581.0,10620.0,PDCI-RDA,ZION KAH DENIS,3619,34.08,False
6,CAVALLY,037,"TAI ET ZAGNE, COMMUNES ET SOUS-PREFECTURES",22722.0,11201.0,49.3,581.0,10620.0,INDEPENDANT,ABOBO RENAISSANCE,916,0.87,False
6,CAVALLY,037,"TAI ET ZAGNE, COMMUNES ET SOUS-PREFECTURES",22722.0,11201.0,49.3,581.0,10620.0,AIDE,AGIR AUJOURDHUI POUR BATIR DEMAIN,1374,1.31,False
6,CAVALLY,037,"TAI ET ZAGNE, COMMUNES ET SOUS-PREFECTURES",22722.0,11201.0,49.3,581.0,10620.0,RHDP,"UNE COTE DIVOIRE EN PAIX, PROSPERE ET SOLIDAIRE",92947,88.45,True
6,CAVALLY,038,"ABOBO, COMMUNE",58438021.0,107134.0,24.46,2.0,55105.0,PIA/PRI/CODE,OSONS LE CHANGEMENT,622,0.59,False
6,CAVALLY,038,"ABOBO, COMMUNE",58438021.0,107134.0,24.46,2.0,55105.0,INDEPENDANT,ENSEMBLE POUR UNE NOUVELLE VISION,647,0.62,False
6,CAVALLY,038,"ABOBO, COMMUNE",58438021.0,107134.0,24.46,2.0,55105.0,PDCI-RDA,TOUS ENSEMBLE POUR LA COTE D'IVOIRE,7359,7.0,False
6,CAVALLY,038,"ABOBO, COMMUNE",58438021.0,107134.0,24.46,2.0,55105.0,RHDP,"UNE COTE DIVOIRE EN PAIX, PROSPERE ET SOLIDAIRE",18012,80.49,True
6,CAVALLY,038,"ABOBO, COMMUNE",58438021.0,107134.0,24.46,2.0,55105.0,INDEPENDANT,UNIR POUR LE CHANGEMENT,1054,4.71,False
6,CAVALLY,038,"ABOBO, COMMUNE",58438021.0,107134.0,24.46,2.0,55105.0,INDEPENDANT,LE COEUR POUR ATTECOUBE,187,0.84,False
6,CAVALLY,040,"ATTECOUBE, COMMUNE",103500.0,22760.0,21.99,382.0,22378.0,UNCI,SOLIDAIRE POUR TOUS,249,1.11,False
6,CAVALLY,040,"ATTECOUBE, COMMUNE",103500.0,22760.0,21.99,382.0,22378.0,INDEPENDANT,DEVELOPPEMENT ET PROGRES POUR ATTECOUBE,1395,6.23,False
6,CAVALLY,040,"ATTECOUBE, COMMUNE",103500.0,22760.0,21.99,382.0,22378.0,PDCI-RDA,TOUS ENSEMBLE POUR LA COTE D'IVOIRE,1209,5.4,False
7,CAVALLY,040,"ATTECOUBE, COMMUNE",103500.0,22760.0,21.99,382.0,22378.0,RHDP,UNE COTE DIVOIRE EN PAIX PROSPERE ET SOLIDAIRE,9269,33.37,False
7,CAVALLY,040,"ATTECOUBE, COMMUNE",103500.0,22760.0,21.99,382.0,22378.0,INDEPENDANT,COCODY SMART,34,0.12,False
7,CAVALLY,040,"ATTECOUBE, COMMUNE",103500.0,22760.0,21.99,382.0,22378.0,INDEPENDANT,ALLIANCE NOUVELLE POUR COCODY,133,0.48,False
7,CAVALLY,040,"ATTECOUBE, COMMUNE",103500.0,22760.0,21.99,382.0,22378.0,INDEPENDANT,NOUVELLE VISION POUR COCODY,90,0.32,False
7,CAVALLY,040,"ATTECOUBE, COMMUNE",103500.0,22760.0,21.99,382.0,22378.0,INDEPENDANT,LES ELUS AU SERVICE DU PEUPLE,667,2.4,False
7,CAVALLY,040,"ATTECOUBE, COMMUNE",103500.0,22760.0,21.99,382.0,22378.0,INDEPENDANT,NOUVEL ESPOIR DE COCODY,184,0.66,False
7,CAVALLY,040,"ATTECOUBE, COMMUNE",103500.0,22760.0,21.99,382.0,22378.0,AIDE,ENSEMBLE POUR LE DEVELOPPEMENT,110,0.4,False
7,CAVALLY,041,"COCODY, COMMUNE",279785.0,28279.0,10.11,501.0,27778.0,ADCI,"AUJOURDHUI DEMAIN, LA COTE DIVOIRE (ADCI)",1682,6.06,False
7,CAVALLY,041,"COCODY, COMMUNE",279785.0,28279.0,10.11,501.0,27778.0,INDEPENDANT,UNE IDEE POUR COCODY,105,0.38,False
7,CAVALLY,041,"COCODY, COMMUNE",279785.0,28279.0,10.11,501.0,27778.0,INDEPENDANT,PRO_COTE DIVOIRE POUR UN PARLEMENT DEFENSEUR DES POPULATIONS,46,0.17,False
7,CAVALLY,041,"COCODY, COMMUNE",279785.0,28279.0,10.11,501.0,27778.0,INDEPENDANT,LA SOUVERAINTE AU SERVICE DU DEVELOPPEMENT DU CAPITAL HUMAIN,165,0.59,False
7,CAVALLY,041,"COCODY, COMMUNE",279785.0,28279.0,10.11,501.0,27778.0,INDEPENDANT,NOUVELLE VOIX,280,1.01,False
7,CAVALLY,041,"COCODY, COMMUNE",279785.0,28279.0,10.11,501.0,27778.0,INDEPENDANT,POUR LE PEUPLE,32,0.12,False
7,CAVALLY,041,"COCODY, COMMUNE",279785.0,28279.0,10.11,501.0,27778.0,PDCI-RDA,TOUS ENSEMBLE POUR LE COTE-DIVOIRE,14740,53.06,True
7,CAVALLY,043,"MARCORY, COMMUNE",112183.0,26325.0,23.47,873.0,25452.0,ADCI,"ADCI (AUJOURDHUI ET DEMAIN, LA COTE DIVOIRE)",296,1.16,False
7,CAVALLY,043,"MARCORY, COMMUNE",112183.0,26325.0,23.47,873.0,25452.0,RHDP,"UNE COTE DIVOIRE EN PAIX, PROSPERE ET SOLIDERE",13996,54.99,True
7,CAVALLY,043,"MARCORY, COMMUNE",112183.0,26325.0,23.47,873.0,25452.0,PDCI-RDA,TOUS ENSEMBLE POUR LA COTE D'IVOIRE,10133,39.81,False
7,CAVALLY,043,"MARCORY, COMMUNE",112183.0,26325.0,23.47,873.0,25452.0,RHDP,OUATTARA DRAMANE,8864,40.39,False
7,CAVALLY,044,"PLATEAU, COMMUNE",97933.0,22944.0,23.43,998.0,21946.0,PDCI-RDA,EHOUO JACQUES GABRIEL,12749,58.09,True
7,CAVALLY,044,"PLATEAU, COMMUNE",97933.0,22944.0,23.43,998.0,21946.0,INDEPENDANT,LA FORCE DU PEUPLE,99,0.41,False
7,CAVALLY,044,"PLATEAU, COMMUNE",97933.0,22944.0,23.43,998.0,21946.0,ADCI,"AUJOURDHUI ET DEMAIN, LA COTE DIVOIRE",298,1.24,False
7,CAVALLY,044,"PLATEAU, COMMUNE",97933.0,22944.0,23.43,998.0,21946.0,RHDP,"UNE COTE DIVOIRE EN PAIX ,PROPERE ET SOLIDAIRE",8197,34.2,False
7,CAVALLY,044,"PLATEAU, COMMUNE",97933.0,22944.0,23.43,998.0,21946.0,INDEPENDANT,VAINCRE LA PRECARITE,269,1.12,False
7,CAVALLY,045,"PORT-BOUET, COMMUNE",145545.0,24959.0,17.15,994.0,23965.0,INDEPENDANT,ESPOIR PORT BOUET,116,0.48,False
7,CAVALLY,045,"PORT-BOUET, COMMUNE",145545.0,24959.0,17.15,994.0,23965.0,INDEPENDANT,ENSSEMBLE ON TOURNE LA PAGE,206,0.86,False
7,CAVALLY,045,"PORT-BOUET, COMMUNE",145545.0,24959.0,17.15,994.0,23965.0,PDCI-RDA,TOUS ENSEMBLE POUR LA COTE D'IVOIRE,14476,60.4,True
8,CAVALLY,045,"PORT-BOUET, COMMUNE",145545.0,24959.0,17.15,994.0,23965.0,INDEPENDANT,BLEHINE PODE THIERRY JOEL,116,1.1,False
8,CAVALLY,045,"PORT-BOUET, COMMUNE",145545.0,24959.0,17.15,994.0,23965.0,INDEPENDANT,BAYE PAUL PIERRE VALENTIN,1147,10.87,False
8,CAVALLY,045,"PORT-BOUET, COMMUNE",145545.0,24959.0,17.15,994.0,23965.0,INDEPENDANT,SOUMAORO GAOUSSOU GEORGES ELVIS,33,0.31,False
8,CAVALLY,046,"TREICHVILLE, COMMUNE",63505.0,10658.0,16.78,106.0,10552.0,INDEPENDANT,TOURE IBRAHIME BEN NABIL,370,3.51,False
8,CAVALLY,046,"TREICHVILLE, COMMUNE",63505.0,10658.0,16.78,106.0,10552.0,INDEPENDANT,BOMINAL SERI MICHEL,11,0.1,False
8,CAVALLY,046,"TREICHVILLE, COMMUNE",63505.0,10658.0,16.78,106.0,10552.0,PDCI-RDA,KOUASSI-LENOIR GERMAIN,1638,15.52,False
8,CAVALLY,046,"TREICHVILLE, COMMUNE",63505.0,10658.0,16.78,106.0,10552.0,INDEPENDANT,YOPOUGON NOTRE PASSION,2106,2.93,False
8,CAVALLY,046,"TREICHVILLE, COMMUNE",63505.0,10658.0,16.78,106.0,10552.0,RHDP,"UNE COTE DIVOIRE EN PAIX, PROPERE ET SOLIDAIRE",49017,68.14,True
8,CAVALLY,046,"TREICHVILLE, COMMUNE",63505.0,10658.0,16.78,106.0,10552.0,INDEPENDANT,LA VOIX DE YOPOUGON,533,0.74,False
8,CAVALLY,046,"TREICHVILLE, COMMUNE",63505.0,10658.0,16.78,106.0,10552.0,INDEPENDANT,UNIS POUR NOTRE COMMUNE YOPOUGON,238,0.33,False
8,CAVALLY,046,"TREICHVILLE, COMMUNE",63505.0,10658.0,16.78,106.0,10552.0,INDEPENDANT,UNION POUR LA GRANDEUR D'ANYAMA,1412,6.35,False
8,CAVALLY,046,"TREICHVILLE, COMMUNE",63505.0,10658.0,16.78,106.0,10552.0,INDEPENDANT,ACTIFS POUR ANYAMA-ADJOUALE,3206,14.42,False
8,CAVALLY,046,"TREICHVILLE, COMMUNE",63505.0,10658.0,16.78,106.0,10552.0,INDEPENDANT,ENSEMBLE POUR ANYAMA,403,1.81,False
8,CAVALLY,046,"TREICHVILLE, COMMUNE",63505.0,10658.0,16.78,106.0,10552.0,INDEPENDANT,LA TEAM KONE,305,1.37,False
8,CAVALLY,048,"TREICHVILLE, COMMUNE",107529.0,22823.0,21.22,597.0,22226.0,RHDP,"UNE COTE DIVOIRE EN PAIX, PROSPERE ET SOLIDAIRE",8801,39.6,True
8,CAVALLY,048,"TREICHVILLE, COMMUNE",107529.0,22823.0,21.22,597.0,22226.0,INDEPENDANT,ENSEMBLE POUR UNE RENAISSANCE DURABLE,4578,20.6,False
8,CAVALLY,048,"TREICHVILLE, COMMUNE",107529.0,22823.0,21.22,597.0,22226.0,INDEPENDANT,L'ESPOIR D'ANYAMA C'EST VOUS,103,0.46,False
8,CAVALLY,048,"TREICHVILLE, COMMUNE",107529.0,22823.0,21.22,597.0,22226.0,INDEPENDANT,ALIANCE POUR LA VOIX ET LECOUTE DE NOS CONCITOYENS,732,3.29,False
8,CAVALLY,048,"TREICHVILLE, COMMUNE",107529.0,22823.0,21.22,597.0,22226.0,MERCI,LE MERCI,164,0.74,False
8,CAVALLY,048,"TREICHVILLE, COMMUNE",107529.0,22823.0,21.22,597.0,22226.0,PDCI-RDA,NOUVELLE VISION,1165,5.24,False
9,CAVALLY,048,"TREICHVILLE, COMMUNE",107529.0,22823.0,21.22,597.0,22226.0,RHDP,DOUMBIA ISSOUF,6384,42.93,True
9,CAVALLY,048,"TREICHVILLE, COMMUNE",107529.0,22823.0,21.22,597.0,22226.0,INDEPENDANT,FANNY FATOU,203,1.36,False
9,CAVALLY,048,"TREICHVILLE, COMMUNE",107529.0,22823.0,21.22,597.0,22226.0,INDEPENDANT,OBOUO MELAINE EVRARD,446,3.0,False
9,CAVALLY,048,"TREICHVILLE, COMMUNE",107529.0,22823.0,21.22,597.0,22226.0,INDEPENDANT,HIEN KAMBIRE IBRAHIM,4792,32.22,False
9,CAVALLY,048,"TREICHVILLE, COMMUNE",107529.0,22823.0,21.22,597.0,22226.0,ADCI,DALEBA NAHOUNOU PIERRE LAUTTI,506,3.4,False
9,CAVALLY,049,"BINGERVILLE, COMMUNE ET SOUS-PREFECTURE",68611.0,15096.0,22.0,224.0,14872.0,INDEPENDANT,ALOBOUE SERGE ERIC,109,0.73,False
9,CAVALLY,049,"BINGERVILLE, COMMUNE ET SOUS-PREFECTURE",68611.0,15096.0,22.0,224.0,14872.0,URCI,KOUAME N'GUESSAN DESIRE,68,0.46,False
9,CAVALLY,049,"BINGERVILLE, COMMUNE ET SOUS-PREFECTURE",68611.0,15096.0,22.0,224.0,14872.0,INDEPENDANT,ZAKO OLILI LARISSA ARMELLE RENEE,15,0.1,False
9,CAVALLY,049,"BINGERVILLE, COMMUNE ET SOUS-PREFECTURE",68611.0,15096.0,22.0,224.0,14872.0,INDEPENDANT,KOUAME KOFFI FRANCK AIME,38,0.26,False
9,CAVALLY,049,"BINGERVILLE, COMMUNE ET SOUS-PREFECTURE",68611.0,15096.0,22.0,224.0,14872.0,PDCI-RDA,BEUGRE DJOMAN,2249,15.12,False
9,CAVALLY,049,"BINGERVILLE, COMMUNE ET SOUS-PREFECTURE",68611.0,15096.0,22.0,224.0,14872.0,INDEPENDANT,AKRE BIEFFO STEPHANE,388,1.16,False
9,CAVALLY,049,"BINGERVILLE, COMMUNE ET SOUS-PREFECTURE",68611.0,15096.0,22.0,224.0,14872.0,RHDP,MAMBE BEUGRE ROBERT,31927,95.27,True
9,CAVALLY,050,"SONGON, COMMUNE ET SOUS-PREFECTURE",43864.0,33793.0,77.04,281.0,33512.0,INDEPENDANT,NDE ANGRE MOISE,419,1.25,False
9,CAVALLY,050,"SONGON, COMMUNE ET SOUS-PREFECTURE",43864.0,33793.0,77.04,281.0,33512.0,INDEPENDANT,DAGO PRISCA LARISSA GOUGOUHONON,249,0.74,False
9,CAVALLY,050,"SONGON, COMMUNE ET SOUS-PREFECTURE",43864.0,33793.0,77.04,281.0,33512.0,INDEPENDANT,YAO KONAN GLOUA SAME,124,1.63,False
9,CAVALLY,050,"SONGON, COMMUNE ET SOUS-PREFECTURE",43864.0,33793.0,77.04,281.0,33512.0,INDEPENDANT,YAO LOUKOU GILBERT,28,0.37,False
9,CAVALLY,050,"SONGON, COMMUNE ET SOUS-PREFECTURE",43864.0,33793.0,77.04,281.0,33512.0,INDEPENDANT,BROU KOUAKOU JEAN-BAPTISTE,45,0.59,False
9,CAVALLY,051,"SONGON, COMMUNE ET SOUS-PREFECTURE",22039.0,7804.0,35.41,219.0,7585.0,ADCI,NDRI KOUAME YVES,152,2.0,False
9,CAVALLY,051,"SONGON, COMMUNE ET SOUS-PREFECTURE",22039.0,7804.0,35.41,219.0,7585.0,RHDP,KOFFI NGORAN JUSTIN,3618,47.7,True
9,CAVALLY,051,"SONGON, COMMUNE ET SOUS-PREFECTURE",22039.0,7804.0,35.41,219.0,7585.0,PDCI-RDA,KONAN KOFFI MARIUS,3525,46.47,False
9,CAVALLY,051,"SONGON, COMMUNE ET SOUS-PREFECTURE",22039.0,7804.0,35.41,219.0,7585.0,INDEPENDANT,LOUKOU KOUAME RICHARD,186,3.76,False
9,CAVALLY,051,"SONGON, COMMUNE ET SOUS-PREFECTURE",22039.0,7804.0,35.41,219.0,7585.0,INDEPENDANT,BOA ETCHEGNE SYLVAIN PRUDENCE,141,2.85,False
9,CAVALLY,051,"SONGON, COMMUNE ET SOUS-PREFECTURE",22039.0,7804.0,35.41,219.0,7585.0,INDEPENDANT,AMANI KOFFI JEROME,7,0.14,False
9,CAVALLY,051,"SONGON, COMMUNE ET SOUS-PREFECTURE",22039.0,7804.0,35.41,219.0,7585.0,INDEPENDANT,KONAN KONAN EVRAD,147,2.97,False
9,CAVALLY,051,"SONGON, COMMUNE ET SOUS-PREFECTURE",22039.0,7804.0,35.41,219.0,7585.0,PDCI-RDA,KOUAME KONAN EDOUARD,730,14.76,False
9,CAVALLY,051,"SONGON, COMMUNE ET SOUS-PREFECTURE",22039.0,7804.0,35.41,219.0,7585.0,INDEPENDANT,KOUACOU AHOU JOSEE DESTHER,11,0.22,False
10,CAVALLY,051,"SONGON, COMMUNE ET SOUS-PREFECTURE",22039.0,7804.0,35.41,219.0,7585.0,INDEPENDANT,ESPOIR,106,0.3,False
10,CAVALLY,051,"SONGON, COMMUNE ET SOUS-PREFECTURE",22039.0,7804.0,35.41,219.0,7585.0,RHDP,"UNE COTE DIVOIRE EN PAIX, PROSPERE ET SOLIDAIRE",22070,62.09,True
10,DISTRICT AUTONOME DE YAMOUSSOUKRO,053,"YAMOUSSOUKRO,COMMUNE",118151.0,36304.0,30.73,756.0,35548.0,INDEPENDANT,BATISSONS ENSEMBLE LA NATION IVOIRIENNE,141,0.4,False
10,DISTRICT AUTONOME DE YAMOUSSOUKRO,053,"YAMOUSSOUKRO,COMMUNE",118151.0,36304.0,30.73,756.0,35548.0,PDCI-RDA,TOUS ENSEMBLE POUR LA COTE D'IVOIRE,12904,36.3,False
10,DISTRICT AUTONOME DE YAMOUSSOUKRO,053,"YAMOUSSOUKRO,COMMUNE",118151.0,36304.0,30.73,756.0,35548.0,INDEPENDANT,KONE LANCINE,10274,48.01,False
10,DISTRICT AUTONOME DE YAMOUSSOUKRO,054,"YAMOUSSOUKRO,COMMUNE",30154.0,21695.0,71.95,296.0,21399.0,RHDP,SIDIBE BERRY,10703,50.02,True
10,DISTRICT AUTONOME DE YAMOUSSOUKRO,054,"YAMOUSSOUKRO,COMMUNE",30154.0,21695.0,71.95,296.0,21399.0,INDEPENDANT,KONE MAMERY,3651,28.96,False
10,FOLON,055,"YAMOUSSOUKRO,COMMUNE",19524.0,12753.0,65.32,144.0,12609.0,INDEPENDANT,BAMBA KARIM,383,3.04,False
10,FOLON,055,"YAMOUSSOUKRO,COMMUNE",19524.0,12753.0,65.32,144.0,12609.0,RHDP,SIDIBE NOUMORY,8154,64.67,True
10,FOLON,055,"YAMOUSSOUKRO,COMMUNE",19524.0,12753.0,65.32,144.0,12609.0,CODE,TOURE MAMADOU,32,0.25,False
10,FOLON,055,"YAMOUSSOUKRO,COMMUNE",19524.0,12753.0,65.32,144.0,12609.0,INDEPENDANT,ENSEMBLE POUR NOTRE BEOUMI,4628,30.7,False
10,FOLON,055,"YAMOUSSOUKRO,COMMUNE",19524.0,12753.0,65.32,144.0,12609.0,ADCI,"ADCI (AUJOURD'HUI ET DEMAIN, LA COTE D'IVOIRE)",154,1.02,False
10,FOLON,055,"YAMOUSSOUKRO,COMMUNE",19524.0,12753.0,65.32,144.0,12609.0,INDEPENDANT,LA VOIX DE BEOUMI POUR LA COTE DIVOIRE,192,1.27,False
10,FOLON,056,"YAMOUSSOUKRO,COMMUNE",39082.0,15791.0,40.4,718.0,15073.0,INDEPENDANT,BEOUMI EN MARCHE,200,1.33,False
10,FOLON,056,"YAMOUSSOUKRO,COMMUNE",39082.0,15791.0,40.4,718.0,15073.0,RHDP,"UNE COTE DIVOIRE EN PAIX,PROSPERE ET SOLIDAIRE",3559,23.61,False
10,FOLON,056,"YAMOUSSOUKRO,COMMUNE",39082.0,15791.0,40.4,718.0,15073.0,INDEPENDANT,ENTENTE POUR LE DEVELOPPEMENT,440,2.92,False
10,FOLON,056,"YAMOUSSOUKRO,COMMUNE",39082.0,15791.0,40.4,718.0,15073.0,PDCI-RDA,TOUS ENSEMBLE POUR LA COTE D'IVOIRE,5734,38.04,True
10,FOLON,056,"YAMOUSSOUKRO,COMMUNE",39082.0,15791.0,40.4,718.0,15073.0,INDEPENDANT,KOUAKOU KOUAME MAXIME,3375,46.98,True
10,FOLON,056,"YAMOUSSOUKRO,COMMUNE",39082.0,15791.0,40.4,718.0,15073.0,RHDP,KOUAME ATTINGBRE,1600,22.27,False
10,FOLON,057,"YAMOUSSOUKRO,COMMUNE",20187.0,7420.0,36.76,236.0,7184.0,INDEPENDANT,N'GUESSAN KOUADIO JULES,261,3.63,False
10,FOLON,057,"YAMOUSSOUKRO,COMMUNE",20187.0,7420.0,36.76,236.0,7184.0,FPI,KOUASSI YAO RAPHAEL,329,4.58,False
10,FOLON,057,"YAMOUSSOUKRO,COMMUNE",20187.0,7420.0,36.76,236.0,7184.0,PDCI-RDA,SAHOURE N'GUESSAN PATRICE,1541,21.45,False
10,FOLON,057,"YAMOUSSOUKRO,COMMUNE",20187.0,7420.0,36.76,236.0,7184.0,INDEPENDANT,KOUADIO KOUASSI LANDRY,289,4.47,False
10,GBEKE,058,"YAMOUSSOUKRO,COMMUNE",15712.0,6698.0,42.63,231.0,6467.0,INDEPENDANT,GNAMIEN KONAN,221,3.42,False
10,GBEKE,058,"YAMOUSSOUKRO,COMMUNE",15712.0,6698.0,42.63,231.0,6467.0,INDEPENDANT,DIABY AMADOU,79,1.22,False
10,GBEKE,058,"YAMOUSSOUKRO,COMMUNE",15712.0,6698.0,42.63,231.0,6467.0,PDCI-RDA,AZAGOH-KOUADIO RICHARD,1975,30.54,False
10,GBEKE,058,"YAMOUSSOUKRO,COMMUNE",15712.0,6698.0,42.63,231.0,6467.0,RHDP,ASSAHORE KONAN JACQUES,6758,65.08,True
10,GBEKE,058,"YAMOUSSOUKRO,COMMUNE",15712.0,6698.0,42.63,231.0,6467.0,INDEPENDANT,YAO-KOUAME ALBERT,78,0.75,False
10,GBEKE,058,"YAMOUSSOUKRO,COMMUNE",15712.0,6698.0,42.63,231.0,6467.0,INDEPENDANT,BROU KOUASSI FELICIEN,57,0.55,False
10,GBEKE,059,"YAMOUSSOUKRO,COMMUNE",27040.0,10747.0,39.74,363.0,10384.0,INDEPENDANT,KOUADIO KOUAME EMMANUEL,80,0.77,False
10,GBEKE,059,"YAMOUSSOUKRO,COMMUNE",27040.0,10747.0,39.74,363.0,10384.0,INDEPENDANT,YAO BETTY ARIANE REBECCA MARIE,598,5.76,False
10,GBEKE,059,"YAMOUSSOUKRO,COMMUNE",27040.0,10747.0,39.74,363.0,10384.0,INDEPENDANT,N'GUESSAN KOUADIO LEONCE,22,0.21,False
10,GBEKE,059,"YAMOUSSOUKRO,COMMUNE",27040.0,10747.0,39.74,363.0,10384.0,PDCI-RDA,HOUSSOU KOUADIO CHRISTOPHE,2644,25.46,False
10,GBEKE,060,"BOUAKE, VILLE",277859.0,114172.0,41.09,1.0,375112.0,CODE,OSONS LE CHANGEMENT,692,6.1,False
10,GBEKE,060,"BOUAKE, VILLE",277859.0,114172.0,41.09,1.0,375112.0,GP-PAIX,PAIX-UNITE-PROSPERITE,300,2.64,False
11,GBEKE,061,"BOUAKE, VILLE",29385.0,11859.0,40.36,511.0,11348.0,INDEPENDANT,"VISION, INTEGRITE, ESPOIR",940,8.28,False
11,GBEKE,061,"BOUAKE, VILLE",29385.0,11859.0,40.36,511.0,11348.0,RHDP,"UNE COTE D""IVOIRE EN PAIX,PROSPERE ET SOLIDAIRE",5421,47.77,True
11,GBEKE,061,"BOUAKE, VILLE",29385.0,11859.0,40.36,511.0,11348.0,PDCI-RDA,TOUS ENSEMBLE POUR LA COTE D'IVOIRE,3771,33.23,False
11,GBEKE,061,"BOUAKE, VILLE",29385.0,11859.0,40.36,511.0,11348.0,INDEPENDANT,UNION-DYNAMISME-ENTRAIDE,81,0.71,False
11,GBEKE,061,"BOUAKE, VILLE",29385.0,11859.0,40.36,511.0,11348.0,ADCI,KONAN YAO AUBIN,60,1.17,False
11,GBEKE,061,"BOUAKE, VILLE",29385.0,11859.0,40.36,511.0,11348.0,INDEPENDANT,TAIGUAIN KOFFI EDMOND,243,4.75,False
11,GBEKE,061,"BOUAKE, VILLE",29385.0,11859.0,40.36,511.0,11348.0,INDEPENDANT,KOUAME KOUASSI GUSTAVE,1224,23.94,False
11,GBEKE,062,"DJEBONOUA, COMMUNE ET SOUS-PREFECTURE",13760.0,5286.0,38.42,173.0,5113.0,RHDP,ALLALI JUSTICE EULOGE BENIANSOU,441,8.63,False
11,GBEKE,062,"DJEBONOUA, COMMUNE ET SOUS-PREFECTURE",13760.0,5286.0,38.42,173.0,5113.0,PDCI-RDA,YAO KOUADIO ROLAND,2944,57.58,True
11,GBEKE,062,"DJEBONOUA, COMMUNE ET SOUS-PREFECTURE",13760.0,5286.0,38.42,173.0,5113.0,INDEPENDANT,KOUADIO KPANNIGO N'GUESSAN VALERIE,1155,10.15,False
11,GBEKE,062,"DJEBONOUA, COMMUNE ET SOUS-PREFECTURE",13760.0,5286.0,38.42,173.0,5113.0,INDEPENDANT,N'GUESSAN KOUASSI DENIS,34,0.3,False
11,GBEKE,062,"DJEBONOUA, COMMUNE ET SOUS-PREFECTURE",13760.0,5286.0,38.42,173.0,5113.0,INDEPENDANT,KOUASSI HERMANN RODOLPHE,284,2.5,False
11,GBEKE,062,"DJEBONOUA, COMMUNE ET SOUS-PREFECTURE",13760.0,5286.0,38.42,173.0,5113.0,CODE,ZELIA KAKAUF ABOH KOFFI,177,1.56,False
11,GBEKE,063,"DJEBONOUA, COMMUNE ET SOUS-PREFECTURE",38024.0,11752.0,30.91,377.0,11375.0,INDEPENDANT,KOFFI KOUACOU BENOIT,214,1.88,False
11,GBEKE,063,"DJEBONOUA, COMMUNE ET SOUS-PREFECTURE",38024.0,11752.0,30.91,377.0,11375.0,RHDP,TOTO KOUADIO YVES,3597,31.62,False
11,GBEKE,063,"DJEBONOUA, COMMUNE ET SOUS-PREFECTURE",38024.0,11752.0,30.91,377.0,11375.0,ADCI,TOTO KONAN VALENTIN,781,6.87,False
11,GBEKE,063,"DJEBONOUA, COMMUNE ET SOUS-PREFECTURE",38024.0,11752.0,30.91,377.0,11375.0,PDCI-RDA,KOUADIO KOUAME EUGENE,4970,43.69,True
11,GBEKE,063,"DJEBONOUA, COMMUNE ET SOUS-PREFECTURE",38024.0,11752.0,30.91,377.0,11375.0,RHDP,KEBE MAHAMADOU,4897,71.9,True
11,GBEKE,064,"DAKPADOU ET SAGO, COMMUNES ET SOUS*PREFECTURES",19602.0,6919.0,35.3,108.0,6811.0,PDCI-RDA,GBALET DAKOURY DENIS,1385,20.33,False
11,GBEKE,064,"DAKPADOU ET SAGO, COMMUNES ET SOUS*PREFECTURES",19602.0,6919.0,35.3,108.0,6811.0,INDEPENDANT,KACOU MEA D'ASSIE JUSTIN KEVIN,4032,55.13,True
11,GBEKE,064,"DAKPADOU ET SAGO, COMMUNES ET SOUS*PREFECTURES",19602.0,6919.0,35.3,108.0,6811.0,RHDP,FREGBO GUETE BASILE MESMIN,2632,35.99,False
11,GBEKE,065,"DAKPADOU ET SAGO, COMMUNES ET SOUS*PREFECTURES",29913.0,7502.0,25.08,189.0,7313.0,UDCY,GOUHIZOUN N'DA PATRICK JEAN KOUAME,74,1.01,False
11,GBEKE,065,"DAKPADOU ET SAGO, COMMUNES ET SOUS*PREFECTURES",29913.0,7502.0,25.08,189.0,7313.0,INDEPENDANT,NANAN KOFFI,303,4.74,False
11,GBEKE,065,"DAKPADOU ET SAGO, COMMUNES ET SOUS*PREFECTURES",29913.0,7502.0,25.08,189.0,7313.0,INDEPENDANT,SAMA DAMALAN JANVIER,967,15.13,False
11,GBEKE,065,"DAKPADOU ET SAGO, COMMUNES ET SOUS*PREFECTURES",29913.0,7502.0,25.08,189.0,7313.0,RHDP,LEGRE DAKPA PHILIPPE,2976,46.57,True
11,GBOKLE,066,"DAKPADOU ET SAGO, COMMUNES ET SOUS*PREFECTURES",19869.0,6546.0,32.95,155.0,6391.0,ADCI,ABALE BASILE HENRI,85,1.33,False
11,GBOKLE,066,"DAKPADOU ET SAGO, COMMUNES ET SOUS*PREFECTURES",19869.0,6546.0,32.95,155.0,6391.0,INDEPENDANT,KPREKPRE ZILIHONON BERNADETTE ERNESTINE SYLVIE,1625,25.43,False
11,GBOKLE,066,"DAKPADOU ET SAGO, COMMUNES ET SOUS*PREFECTURES",19869.0,6546.0,32.95,155.0,6391.0,PDCI-RDA,ZAMA JEAN-LUC,378,5.91,False
12,GBOKLE,066,"DAKPADOU ET SAGO, COMMUNES ET SOUS*PREFECTURES",19869.0,6546.0,32.95,155.0,6391.0,INDEPENDANT,YORO ALAIN MICHEL,67,0.64,False
12,GBOKLE,066,"DAKPADOU ET SAGO, COMMUNES ET SOUS*PREFECTURES",19869.0,6546.0,32.95,155.0,6391.0,INDEPENDANT,GOLLO-TABLEY ROBERT GABRIEL,121,1.16,False
12,GBOKLE,066,"DAKPADOU ET SAGO, COMMUNES ET SOUS*PREFECTURES",19869.0,6546.0,32.95,155.0,6391.0,INDEPENDANT,DOUAI LEGRE GERMAIN,1582,15.18,False
12,GBOKLE,066,"DAKPADOU ET SAGO, COMMUNES ET SOUS*PREFECTURES",19869.0,6546.0,32.95,155.0,6391.0,INDEPENDANT,GBEKEDI DOUHABOU NOEL,63,0.6,False
12,GBOKLE,066,"DAKPADOU ET SAGO, COMMUNES ET SOUS*PREFECTURES",19869.0,6546.0,32.95,155.0,6391.0,EDS,GAROU ANTONI,418,4.01,False
12,GBOKLE,066,"DAKPADOU ET SAGO, COMMUNES ET SOUS*PREFECTURES",19869.0,6546.0,32.95,155.0,6391.0,PDCI-RDA,KONE-OBRE DEPROU CYRIELLE EMMANUELLE,1819,17.46,False
12,GBOKLE,066,"DAKPADOU ET SAGO, COMMUNES ET SOUS*PREFECTURES",19869.0,6546.0,32.95,155.0,6391.0,MGC,GOURI KOUDOUGNON ALAIN,140,1.34,False
12,GBOKLE,066,"DAKPADOU ET SAGO, COMMUNES ET SOUS*PREFECTURES",19869.0,6546.0,32.95,155.0,6391.0,INDEPENDANT,KRIZO NICOLE FLEUR REGINA,42,0.4,False
12,GBOKLE,067,"DAKPADOU ET SAGO, COMMUNES ET SOUS*PREFECTURES",42324.0,10693.0,25.26,274.0,10419.0,INDEPENDANT,SOGO AYMAR TANGUY BLAIS,662,6.35,False
12,GBOKLE,067,"DAKPADOU ET SAGO, COMMUNES ET SOUS*PREFECTURES",42324.0,10693.0,25.26,274.0,10419.0,INDEPENDANT,DJEDJE BAGNON MARIUS BIENVENU,621,5.96,False
12,GBOKLE,067,"DAKPADOU ET SAGO, COMMUNES ET SOUS*PREFECTURES",42324.0,10693.0,25.26,274.0,10419.0,RHDP,KONE ISSA,2749,26.38,True
12,GBOKLE,067,"DAKPADOU ET SAGO, COMMUNES ET SOUS*PREFECTURES",42324.0,10693.0,25.26,274.0,10419.0,INDEPENDANT,DALLY PRUDENCE SONIA,299,2.87,False
12,GBOKLE,067,"DAKPADOU ET SAGO, COMMUNES ET SOUS*PREFECTURES",42324.0,10693.0,25.26,274.0,10419.0,CODE,GRI SERAPHIN,195,1.87,False
12,GBOKLE,067,"DAKPADOU ET SAGO, COMMUNES ET SOUS*PREFECTURES",42324.0,10693.0,25.26,274.0,10419.0,INDEPENDANT,LITIE LITIE ERIC,95,0.91,False
12,GBOKLE,067,"DAKPADOU ET SAGO, COMMUNES ET SOUS*PREFECTURES",42324.0,10693.0,25.26,274.0,10419.0,INDEPENDANT,YOUBOLOU ADJEHI NATHALIE,266,2.55,False
12,GBOKLE,067,"DAKPADOU ET SAGO, COMMUNES ET SOUS*PREFECTURES",42324.0,10693.0,25.26,274.0,10419.0,INDEPENDANT,ZAGO KPOKOU FRANCIS GOSSET,373,3.58,False
12,GBOKLE,067,"DAKPADOU ET SAGO, COMMUNES ET SOUS*PREFECTURES",42324.0,10693.0,25.26,274.0,10419.0,INDEPENDANT,GBALOU SERY MARTIN CLAVER,741,7.11,False
12,GBOKLE,067,"DAKPADOU ET SAGO, COMMUNES ET SOUS*PREFECTURES",42324.0,10693.0,25.26,274.0,10419.0,FPI,LIBY GUILLAUME,274,3.17,False
12,GBOKLE,067,"DAKPADOU ET SAGO, COMMUNES ET SOUS*PREFECTURES",42324.0,10693.0,25.26,274.0,10419.0,PDCI-RDA,DIGBEU BLE ALFRED,1704,19.72,False
12,GOH,068,"DAKPADOU ET SAGO, COMMUNES ET SOUS*PREFECTURES",30755.0,8919.0,29.0,276.0,8643.0,INDEPENDANT,OURAGA SERGE OLIVIER,1327,15.35,False
12,GOH,068,"DAKPADOU ET SAGO, COMMUNES ET SOUS*PREFECTURES",30755.0,8919.0,29.0,276.0,8643.0,RHDP,DOGO LOGBO MYSS BELMONDE,4730,54.73,True
12,GOH,068,"DAKPADOU ET SAGO, COMMUNES ET SOUS*PREFECTURES",30755.0,8919.0,29.0,276.0,8643.0,CODE,ZIE BETO ALFRED,44,0.51,False
12,GOH,068,"DAKPADOU ET SAGO, COMMUNES ET SOUS*PREFECTURES",30755.0,8919.0,29.0,276.0,8643.0,INDEPENDANT,KOUADIO KONAN LEON,460,5.32,False
13,GOH,068,"DAKPADOU ET SAGO, COMMUNES ET SOUS*PREFECTURES",30755.0,8919.0,29.0,276.0,8643.0,INDEPENDANT,GNAHORE SIABA GEORGES,448,4.45,False
13,GOH,068,"DAKPADOU ET SAGO, COMMUNES ET SOUS*PREFECTURES",30755.0,8919.0,29.0,276.0,8643.0,INDEPENDANT,KAKOU GUIKAHUE MAURICE,1600,15.89,False
13,GOH,068,"DAKPADOU ET SAGO, COMMUNES ET SOUS*PREFECTURES",30755.0,8919.0,29.0,276.0,8643.0,INDEPENDANT,ADJI KODOU MATHIAS,55,0.55,False
13,GOH,068,"DAKPADOU ET SAGO, COMMUNES ET SOUS*PREFECTURES",30755.0,8919.0,29.0,276.0,8643.0,INDEPENDANT,MOUSSA KONATE,1885,18.72,True
13,GOH,068,"DAKPADOU ET SAGO, COMMUNES ET SOUS*PREFECTURES",30755.0,8919.0,29.0,276.0,8643.0,INDEPENDANT,RABE LIAGRO CHARLES,1314,13.05,False
13,GOH,068,"DAKPADOU ET SAGO, COMMUNES ET SOUS*PREFECTURES",30755.0,8919.0,29.0,276.0,8643.0,INDEPENDANT,BAGNIMO DIABOU OLIVIER,47,0.47,False
13,GOH,068,"DAKPADOU ET SAGO, COMMUNES ET SOUS*PREFECTURES",30755.0,8919.0,29.0,276.0,8643.0,INDEPENDANT,DAKOURY ELIE,49,0.49,False
13,GOH,069,"SERIHIO, COMMUNES ET SOUS-PREFECTURES, GAGNOA,",36390.0,10519.0,28.91,451.0,10068.0,PDCI-RDA,YAO KOUAME RENE,1607,15.96,False
13,GOH,069,"SERIHIO, COMMUNES ET SOUS-PREFECTURES, GAGNOA,",36390.0,10519.0,28.91,451.0,10068.0,INDEPENDANT,YAZI IKPO JEAN ARNAUD,59,0.59,False
13,GOH,069,"SERIHIO, COMMUNES ET SOUS-PREFECTURES, GAGNOA,",36390.0,10519.0,28.91,451.0,10068.0,INDEPENDANT,GNADJA DOGBA-RICHARD,721,7.16,False
13,GOH,069,"SERIHIO, COMMUNES ET SOUS-PREFECTURES, GAGNOA,",36390.0,10519.0,28.91,451.0,10068.0,RHDP,DJEDJEGNE YRIDJE DIGBEU YVETTE EPOUSE SEA,1645,16.34,False
13,GOH,069,"SERIHIO, COMMUNES ET SOUS-PREFECTURES, GAGNOA,",36390.0,10519.0,28.91,451.0,10068.0,INDEPENDANT,BLE ZOKOU,274,2.72,False
13,GOH,069,"SERIHIO, COMMUNES ET SOUS-PREFECTURES, GAGNOA,",36390.0,10519.0,28.91,451.0,10068.0,INDEPENDANT,KOFFI KOUAME,123,1.22,False
13,GOH,069,"SERIHIO, COMMUNES ET SOUS-PREFECTURES, GAGNOA,",36390.0,10519.0,28.91,451.0,10068.0,INDEPENDANT,GADJI DIDIER JEAN-FRANCOIS,20,0.2,False
13,GOH,069,"SERIHIO, COMMUNES ET SOUS-PREFECTURES, GAGNOA,",36390.0,10519.0,28.91,451.0,10068.0,INDEPENDANT,"S""UNIR ET AGIR POUR GAGNOA",297,2.59,False
13,GOH,069,"SERIHIO, COMMUNES ET SOUS-PREFECTURES, GAGNOA,",36390.0,10519.0,28.91,451.0,10068.0,PDCI-RDA,TOUS ENSEMBLE POUR LA COTE D'IVOIRE,769,6.72,False
13,GOH,069,"SERIHIO, COMMUNES ET SOUS-PREFECTURES, GAGNOA,",36390.0,10519.0,28.91,451.0,10068.0,MDR,MOUVEMENT DEMOCRATIQUE POUR LE RENOUVEAU,542,4.74,False
13,GOH,069,"SERIHIO, COMMUNES ET SOUS-PREFECTURES, GAGNOA,",36390.0,10519.0,28.91,451.0,10068.0,ADCI,AUJOURDHUI ET DEMAIN LA COTE DIVOIRE,333,2.91,False
13,GOH,069,"SERIHIO, COMMUNES ET SOUS-PREFECTURES, GAGNOA,",36390.0,10519.0,28.91,451.0,10068.0,INDEPENDANT,ZEGOUA ADIA SAINT DOMINIQUE ISRAEL,1162,10.83,False
13,GOH,069,"SERIHIO, COMMUNES ET SOUS-PREFECTURES, GAGNOA,",36390.0,10519.0,28.91,451.0,10068.0,PDCI-RDA,BAGROU GOLI,5210,48.56,True
13,GOH,069,"SERIHIO, COMMUNES ET SOUS-PREFECTURES, GAGNOA,",36390.0,10519.0,28.91,451.0,10068.0,MGC,KOBOU DECKY JEAN CLAUDE,137,1.28,False
13,GOH,071,"SERIHIO, COMMUNES ET SOUS-PREFECTURES, GAGNOA,",31994.0,10995.0,34.37,265.0,10730.0,ICON,MAYOBO OGA DADE YVES,94,0.88,False
13,GOH,071,"SERIHIO, COMMUNES ET SOUS-PREFECTURES, GAGNOA,",31994.0,10995.0,34.37,265.0,10730.0,INDEPENDANT,DEHI GAHI DANIEL,130,1.21,False
13,GOH,071,"SERIHIO, COMMUNES ET SOUS-PREFECTURES, GAGNOA,",31994.0,10995.0,34.37,265.0,10730.0,RHDP,KONAN JULIEN,3902,36.37,False
13,GOH,071,"SERIHIO, COMMUNES ET SOUS-PREFECTURES, GAGNOA,",31994.0,10995.0,34.37,265.0,10730.0,INDEPENDANT,KONATE ZANGA,14,0.12,False
13,GOH,071,"SERIHIO, COMMUNES ET SOUS-PREFECTURES, GAGNOA,",31994.0,10995.0,34.37,265.0,10730.0,INDEPENDANT,ALLAH KOUADIO ERIC SAINT-CLAIR,963,8.35,False
13,GOH,071,"SERIHIO, COMMUNES ET SOUS-PREFECTURES, GAGNOA,",31994.0,10995.0,34.37,265.0,10730.0,INDEPENDANT,BANA DONZO JEAN PROSPER,124,1.08,False
13,GOH,071,"SERIHIO, COMMUNES ET SOUS-PREFECTURES, GAGNOA,",31994.0,10995.0,34.37,265.0,10730.0,PDCI-RDA,LAGUI KOUASSI JOACHIM,3810,33.04,False
13,GOH,072,"SERIHIO, COMMUNES ET SOUS-PREFECTURES, GAGNOA,",46572.0,11867.0,25.48,334.0,11533.0,MGC,TRAH N'GORAN YOLANDE AIMEE EPOUSE KOFFI,137,1.19,False
13,GOH,072,"SERIHIO, COMMUNES ET SOUS-PREFECTURES, GAGNOA,",46572.0,11867.0,25.48,334.0,11533.0,INDEPENDANT,DOUEZAN LOU TCHANWELE PHILOMENE EPSE DADOU,35,0.3,False
13,GOH,072,"SERIHIO, COMMUNES ET SOUS-PREFECTURES, GAGNOA,",46572.0,11867.0,25.48,334.0,11533.0,RHDP,KOUASSI DJA FLORE,5788,50.19,True
13,GOH,072,"SERIHIO, COMMUNES ET SOUS-PREFECTURES, GAGNOA,",46572.0,11867.0,25.48,334.0,11533.0,INDEPENDANT,WOYO BE NADEGE,171,1.48,False
13,GOH,072,"SERIHIO, COMMUNES ET SOUS-PREFECTURES, GAGNOA,",46572.0,11867.0,25.48,334.0,11533.0,INDEPENDANT,NDRI YAO MATHIEU,396,3.43,False
14,GOH,072,"SERIHIO, COMMUNES ET SOUS-PREFECTURES, GAGNOA,",46572.0,11867.0,25.48,334.0,11533.0,RHDP,"UNE COTE D'IVOIRE EN PAIX, PROSPERE ET SOLIDAIRE",14746,87.64,True
14,GOH,073,"SERIHIO, COMMUNES ET SOUS-PREFECTURES, GAGNOA,",52876.0,17219.0,32.56,394.0,16825.0,PDCI-RDA,TOUS ENSEMBLE POUR LA COTE D'IVOIRE,1161,6.9,False
14,GOH,073,"SERIHIO, COMMUNES ET SOUS-PREFECTURES, GAGNOA,",52876.0,17219.0,32.56,394.0,16825.0,INDEPENDANT,BONDOUKOU EN MARCHE,706,4.2,False
14,GOH,073,"SERIHIO, COMMUNES ET SOUS-PREFECTURES, GAGNOA,",52876.0,17219.0,32.56,394.0,16825.0,INDEPENDANT,ELITES DE LA RELEVE,255,1.39,False
14,GOH,073,"SERIHIO, COMMUNES ET SOUS-PREFECTURES, GAGNOA,",52876.0,17219.0,32.56,394.0,16825.0,INDEPENDANT,"UN JOUR, IL FERA JOUR",5262,28.68,False
14,GOH,073,"SERIHIO, COMMUNES ET SOUS-PREFECTURES, GAGNOA,",52876.0,17219.0,32.56,394.0,16825.0,PDCI-RDA,TOUS ENSEMBLE POUR LA COTE D'IVOIRE,888,4.84,False
14,GOH,074,"SERIHIO, COMMUNES ET SOUS-PREFECTURES, GAGNOA,",35843.0,18753.0,52.32,403.0,18350.0,INDEPENDANT,CONCORDE POUR LE RENOUVEAU DU GONTOUGO,3641,19.84,False
14,GOH,074,"SERIHIO, COMMUNES ET SOUS-PREFECTURES, GAGNOA,",35843.0,18753.0,52.32,403.0,18350.0,RHDP,"UNE COTE D'IVOIRE EN PAIX ,PROSPERE ET SOLIDAIRE",7031,38.32,True
14,GOH,074,"SERIHIO, COMMUNES ET SOUS-PREFECTURES, GAGNOA,",35843.0,18753.0,52.32,403.0,18350.0,FPI,N'GUETTIA YAO KOUMAN,57,0.63,False
14,GOH,074,"SERIHIO, COMMUNES ET SOUS-PREFECTURES, GAGNOA,",35843.0,18753.0,52.32,403.0,18350.0,PDCI-RDA,SAWIRI YAO YEBOUA,1678,18.41,False
14,GOH,074,"SERIHIO, COMMUNES ET SOUS-PREFECTURES, GAGNOA,",35843.0,18753.0,52.32,403.0,18350.0,INDEPENDANT,OUATTARA ABOU,1725,18.92,False
14,GOH,074,"SERIHIO, COMMUNES ET SOUS-PREFECTURES, GAGNOA,",35843.0,18753.0,52.32,403.0,18350.0,P.B.J.V,KOSSONOU KOUADIO HENRI QUATORZE,219,2.4,False
14,GOH,075,"SERIHIO, COMMUNES ET SOUS-PREFECTURES, GAGNOA,",17425.0,9493.0,54.48,376.0,9117.0,INDEPENDANT,DIABAGATE YEBOUA ADAMAN,1961,21.51,False
14,GOH,075,"SERIHIO, COMMUNES ET SOUS-PREFECTURES, GAGNOA,",17425.0,9493.0,54.48,376.0,9117.0,INDEPENDANT,COULIBALY NANGA ISMAEL,212,2.33,False
14,GOH,075,"SERIHIO, COMMUNES ET SOUS-PREFECTURES, GAGNOA,",17425.0,9493.0,54.48,376.0,9117.0,INDEPENDANT,YEBOUA KOUAKOU KOUMAN BENOIT,19,0.21,False
14,GOH,075,"SERIHIO, COMMUNES ET SOUS-PREFECTURES, GAGNOA,",17425.0,9493.0,54.48,376.0,9117.0,RHDP,DIABAGATE MOUSSA,3122,34.24,True
14,GOH,075,"SERIHIO, COMMUNES ET SOUS-PREFECTURES, GAGNOA,",17425.0,9493.0,54.48,376.0,9117.0,PDCI-RDA,HIEN SIE GEORGES BENEDICT,120,1.24,False
14,GOH,075,"SERIHIO, COMMUNES ET SOUS-PREFECTURES, GAGNOA,",17425.0,9493.0,54.48,376.0,9117.0,INDEPENDANT,KRA KOBENAN LAZARE,2953,30.49,False
14,GOH,075,"SERIHIO, COMMUNES ET SOUS-PREFECTURES, GAGNOA,",17425.0,9493.0,54.48,376.0,9117.0,INDEPENDANT,KOUAME YAO KOUMAN,257,2.65,False
14,GOH,076,"SERIHIO, COMMUNES ET SOUS-PREFECTURES, GAGNOA,",16336.0,9847.0,60.28,162.0,9685.0,INDEPENDANT,BIFFITE HOLLO DAH,232,2.4,False
14,GOH,076,"SERIHIO, COMMUNES ET SOUS-PREFECTURES, GAGNOA,",16336.0,9847.0,60.28,162.0,9685.0,INDEPENDANT,SOULEYMANE OUATTARA,2883,29.77,False
14,GOH,076,"SERIHIO, COMMUNES ET SOUS-PREFECTURES, GAGNOA,",16336.0,9847.0,60.28,162.0,9685.0,RHDP,KOUASSI KOFFI KRA PAULIN,3123,32.25,True
14,GOH,076,"SERIHIO, COMMUNES ET SOUS-PREFECTURES, GAGNOA,",16336.0,9847.0,60.28,162.0,9685.0,INDEPENDANT,YAO KOUASSI ALI,262,3.56,False
14,GOH,076,"SERIHIO, COMMUNES ET SOUS-PREFECTURES, GAGNOA,",16336.0,9847.0,60.28,162.0,9685.0,INDEPENDANT,EBA YAO HAROUNA,1862,25.27,False
14,GOH,077,"SERIHIO, COMMUNES ET SOUS-PREFECTURES, GAGNOA,",13065.0,7563.0,57.89,195.0,7368.0,PDCI-RDA,KOFFI TEHUA,188,2.55,False
14,GOH,077,"SERIHIO, COMMUNES ET SOUS-PREFECTURES, GAGNOA,",13065.0,7563.0,57.89,195.0,7368.0,UNPR,MOUTAYE AZOUMANA,2571,34.89,True
14,GOH,077,"SERIHIO, COMMUNES ET SOUS-PREFECTURES, GAGNOA,",13065.0,7563.0,57.89,195.0,7368.0,RHDP,SONAN JEAN-FRANCOIS DONALD,2407,32.67,False
15,GOH,077,"SERIHIO, COMMUNES ET SOUS-PREFECTURES, GAGNOA,",13065.0,7563.0,57.89,195.0,7368.0,INDEPENDANT,AHIMOU YAO,141,1.66,False
15,GOH,077,"SERIHIO, COMMUNES ET SOUS-PREFECTURES, GAGNOA,",13065.0,7563.0,57.89,195.0,7368.0,INDEPENDANT,CISSE MOHAMED,223,2.63,False
15,GOH,077,"SERIHIO, COMMUNES ET SOUS-PREFECTURES, GAGNOA,",13065.0,7563.0,57.89,195.0,7368.0,PDCI-RDA,KOUASSI BREDOUMY SOUMAILA TRAORE,2578,30.38,True
15,GOH,077,"SERIHIO, COMMUNES ET SOUS-PREFECTURES, GAGNOA,",13065.0,7563.0,57.89,195.0,7368.0,INDEPENDANT,YAO SOUMAILA,880,10.37,False
15,GOH,077,"SERIHIO, COMMUNES ET SOUS-PREFECTURES, GAGNOA,",13065.0,7563.0,57.89,195.0,7368.0,RHDP,KOUAKOU BOKO ANTOINE,1394,16.43,False
15,GOH,078,"SERIHIO, COMMUNES ET SOUS-PREFECTURES, GAGNOA,",19298.0,8991.0,46.59,505.0,8486.0,INDEPENDANT,KOFFI KRA SERGE-PACOME,986,11.62,False
15,GOH,078,"SERIHIO, COMMUNES ET SOUS-PREFECTURES, GAGNOA,",19298.0,8991.0,46.59,505.0,8486.0,INDEPENDANT,KOFFI STEPHANE NANAN ATHESSY,1156,13.62,False
15,GOH,078,"SERIHIO, COMMUNES ET SOUS-PREFECTURES, GAGNOA,",19298.0,8991.0,46.59,505.0,8486.0,INDEPENDANT,SEYAN KAMATE ISSOUF,692,8.15,False
15,GOH,078,"SERIHIO, COMMUNES ET SOUS-PREFECTURES, GAGNOA,",19298.0,8991.0,46.59,505.0,8486.0,REEL.CI,KOUADIO KOUABENA WILFRIED DELAFOSSE,334,3.94,False
15,GOH,078,"SERIHIO, COMMUNES ET SOUS-PREFECTURES, GAGNOA,",19298.0,8991.0,46.59,505.0,8486.0,INDEPENDANT,KOFFI GBALAZOU OLIVIER,30,0.35,False
15,GOH,078,"SERIHIO, COMMUNES ET SOUS-PREFECTURES, GAGNOA,",19298.0,8991.0,46.59,505.0,8486.0,INDEPENDANT,OUATTARA AZOUMANAN,2121,28.81,False
15,GOH,078,"SERIHIO, COMMUNES ET SOUS-PREFECTURES, GAGNOA,",19298.0,8991.0,46.59,505.0,8486.0,INDEPENDANT,BENIE KOUAKOU ADAYE GERARD,428,5.81,False
15,GOH,079,"KOUN-FAO, COMMUNE ET SOUS-PREFECTURE",15315.0,7579.0,49.49,218.0,7361.0,INDEPENDANT,KAMAGATE YAHASSINAN,3812,35.21,False
15,GONTOUGO,080,"KOUN-FAO, COMMUNE ET SOUS-PREFECTURE",19968.0,10862.0,54.4,37.0,10825.0,CODE,OUATTARA LASSINA,67,0.62,False
15,GONTOUGO,080,"KOUN-FAO, COMMUNE ET SOUS-PREFECTURE",19968.0,10862.0,54.4,37.0,10825.0,RHDP,OUATTARA ABOUBAKAR,6864,63.41,True
15,GONTOUGO,080,"KOUN-FAO, COMMUNE ET SOUS-PREFECTURE",19968.0,10862.0,54.4,37.0,10825.0,INDEPENDANT,FIENI KOFFI KEVIN,2131,9.98,False
15,GONTOUGO,080,"KOUN-FAO, COMMUNE ET SOUS-PREFECTURE",19968.0,10862.0,54.4,37.0,10825.0,INDEPENDANT,BOBLAI DOUASSOH JOSINANE ISABELLE,2483,11.62,False
15,GONTOUGO,081,"KOUN-FAO, COMMUNE ET SOUS-PREFECTURE",39059.0,21861.0,55.97,501.0,21360.0,ADCI,TEYA YAO BILLY CURTIS,258,1.21,False
15,GONTOUGO,081,"KOUN-FAO, COMMUNE ET SOUS-PREFECTURE",39059.0,21861.0,55.97,501.0,21360.0,PDCI-RDA,SERGE YVON VREMEN,754,3.53,False
15,GONTOUGO,081,"KOUN-FAO, COMMUNE ET SOUS-PREFECTURE",39059.0,21861.0,55.97,501.0,21360.0,RHDP,KOBENAN KOUASSI ADJOUMANI,15617,73.11,True
15,GONTOUGO,081,"KOUN-FAO, COMMUNE ET SOUS-PREFECTURE",39059.0,21861.0,55.97,501.0,21360.0,INDEPENDANT,TANO KOUABENAN ISAAC,6574,42.52,False
15,GONTOUGO,081,"KOUN-FAO, COMMUNE ET SOUS-PREFECTURE",39059.0,21861.0,55.97,501.0,21360.0,INDEPENDANT,OUATTARA ASSANAN,58,0.38,False
15,GONTOUGO,082,"KOUN-FAO, COMMUNE ET SOUS-PREFECTURE",30356.0,15766.0,51.94,305.0,15461.0,INDEPENDANT,BINI KOBENAN SERGE,148,0.96,False
15,GONTOUGO,082,"KOUN-FAO, COMMUNE ET SOUS-PREFECTURE",30356.0,15766.0,51.94,305.0,15461.0,PDCI-RDA,KOBENA KOSSONOU PAUL,388,2.51,False
15,GONTOUGO,082,"KOUN-FAO, COMMUNE ET SOUS-PREFECTURE",30356.0,15766.0,51.94,305.0,15461.0,RHDP,YOBOUA KOUABENAN CEVERIN,8175,52.87,True
16,GONTOUGO,082,"KOUN-FAO, COMMUNE ET SOUS-PREFECTURE",30356.0,15766.0,51.94,305.0,15461.0,RHDP,UNE COTE D'IVOIRE EN PAIX PROSPERE ET SOLIDAIRE,13219,71.18,True
16,GONTOUGO,083,"KOUN-FAO, COMMUNE ET SOUS-PREFECTURE",82680.0,18971.0,22.95,401.0,18570.0,MGC,POUR LA NATION,992,5.34,False
16,GONTOUGO,083,"KOUN-FAO, COMMUNE ET SOUS-PREFECTURE",82680.0,18971.0,22.95,401.0,18570.0,PDCI-RDA,TOUS UNIS POUR LA COTE DIVOIRE,4189,22.56,False
16,GONTOUGO,083,"KOUN-FAO, COMMUNE ET SOUS-PREFECTURE",82680.0,18971.0,22.95,401.0,18570.0,INDEPENDANT,KAKOU DIDIER PAUL AKA,45,0.39,False
16,GONTOUGO,083,"KOUN-FAO, COMMUNE ET SOUS-PREFECTURE",82680.0,18971.0,22.95,401.0,18570.0,INDEPENDANT,KOUASSI ANDRE,1478,12.94,False
16,GONTOUGO,083,"KOUN-FAO, COMMUNE ET SOUS-PREFECTURE",82680.0,18971.0,22.95,401.0,18570.0,INDEPENDANT,AMIE LEBA YOLANDE EPOUSE ADO,1001,8.76,False
16,GONTOUGO,084,"KOUN-FAO, COMMUNE ET SOUS-PREFECTURE",39303.0,11713.0,29.8,289.0,11424.0,RHDP,YAO N'GUESSAN ALFRED,4567,39.98,True
16,GONTOUGO,084,"KOUN-FAO, COMMUNE ET SOUS-PREFECTURE",39303.0,11713.0,29.8,289.0,11424.0,RHDP,AMON-TANOH BENOIT MARCEL,4630,53.63,True
16,GONTOUGO,084,"KOUN-FAO, COMMUNE ET SOUS-PREFECTURE",39303.0,11713.0,29.8,289.0,11424.0,INDEPENDANT,ADJOUSSOU GUY-PEINE,23,0.27,False
16,GRANDS PONTS,085,"KOUN-FAO, COMMUNE ET SOUS-PREFECTURE",28167.0,8826.0,31.33,192.0,8634.0,ADCI,GAHI GAHI INNOCENT,119,1.38,False
16,GRANDS PONTS,085,"KOUN-FAO, COMMUNE ET SOUS-PREFECTURE",28167.0,8826.0,31.33,192.0,8634.0,INDEPENDANT,GNANDUILLET ARSENE LUCAIN,180,2.08,False
16,GRANDS PONTS,085,"KOUN-FAO, COMMUNE ET SOUS-PREFECTURE",28167.0,8826.0,31.33,192.0,8634.0,FPI,N'GUESSAN DJIPRO GNANAGAHON VERONIQUE,285,3.3,False
16,GRANDS PONTS,085,"KOUN-FAO, COMMUNE ET SOUS-PREFECTURE",28167.0,8826.0,31.33,192.0,8634.0,PDCI-RDA,KOUASSI EPSE AKA-ADJO MARIE-ANGE GEORGETTE AYA-BONI,1355,15.69,False
16,GRANDS PONTS,085,"KOUN-FAO, COMMUNE ET SOUS-PREFECTURE",28167.0,8826.0,31.33,192.0,8634.0,INDEPENDANT,TAH GLAO AGUILAS,586,4.31,False
16,GRANDS PONTS,085,"KOUN-FAO, COMMUNE ET SOUS-PREFECTURE",28167.0,8826.0,31.33,192.0,8634.0,PDCI-RDA,LEDIEHI KEMONDE CHRISTOPHE,505,3.71,False
16,GRANDS PONTS,085,"KOUN-FAO, COMMUNE ET SOUS-PREFECTURE",28167.0,8826.0,31.33,192.0,8634.0,INDEPENDANT,BAKO JEAN PONDERE NESTOR,556,4.09,False
16,GRANDS PONTS,085,"KOUN-FAO, COMMUNE ET SOUS-PREFECTURE",28167.0,8826.0,31.33,192.0,8634.0,INDEPENDANT,TAILLY THIERRY HERMANE,3315,24.38,False
16,GRANDS PONTS,086,"KOUN-FAO, COMMUNE ET SOUS-PREFECTURE",38004.0,13853.0,36.45,257.0,13596.0,INDEPENDANT,DIET DAZAMIN ANGE LAURE,939,6.91,False
16,GRANDS PONTS,086,"KOUN-FAO, COMMUNE ET SOUS-PREFECTURE",38004.0,13853.0,36.45,257.0,13596.0,INDEPENDANT,DOUAROU ZOH ANDREE JOSELYNE,273,2.01,False
16,GRANDS PONTS,086,"KOUN-FAO, COMMUNE ET SOUS-PREFECTURE",38004.0,13853.0,36.45,257.0,13596.0,APR.CI,DJEHI MONHYA HYPPOLITE,214,1.57,False
16,GRANDS PONTS,086,"KOUN-FAO, COMMUNE ET SOUS-PREFECTURE",38004.0,13853.0,36.45,257.0,13596.0,INDEPENDANT,TAE SYLVAIN,190,2.01,False
16,GRANDS PONTS,086,"KOUN-FAO, COMMUNE ET SOUS-PREFECTURE",38004.0,13853.0,36.45,257.0,13596.0,INDEPENDANT,TAILLY JEAN CHARLES FELIX LAMBERT,390,4.13,False
16,GRANDS PONTS,086,"KOUN-FAO, COMMUNE ET SOUS-PREFECTURE",38004.0,13853.0,36.45,257.0,13596.0,INDEPENDANT,GUIHIN DIOUFO NOMASSO,461,4.88,False
16,GUEMON,087,"KOUN-FAO, COMMUNE ET SOUS-PREFECTURE",24148.0,9809.0,40.62,357.0,9452.0,PDCI-RDA,DOHO ZONSELOUE SIMON,2414,25.54,False
16,GUEMON,087,"KOUN-FAO, COMMUNE ET SOUS-PREFECTURE",24148.0,9809.0,40.62,357.0,9452.0,INDEPENDANT,MARCEL TABA,2341,24.77,False
16,GUEMON,087,"KOUN-FAO, COMMUNE ET SOUS-PREFECTURE",24148.0,9809.0,40.62,357.0,9452.0,INDEPENDANT,GUELADE DOUE GHISLAIN STANISLAS,756,8.0,False
16,GUEMON,087,"KOUN-FAO, COMMUNE ET SOUS-PREFECTURE",24148.0,9809.0,40.62,357.0,9452.0,RHDP,BOHOUO DEHOUROU MATHURIN,2702,28.59,True
17,GUEMON,087,"KOUN-FAO, COMMUNE ET SOUS-PREFECTURE",24148.0,9809.0,40.62,357.0,9452.0,INDEPENDANT,THE MANDE STEPHANE,156,1.34,False
17,GUEMON,087,"KOUN-FAO, COMMUNE ET SOUS-PREFECTURE",24148.0,9809.0,40.62,357.0,9452.0,PDCI-RDA,GUI-DIBO DESIRE MAGLOIRE GNOMBLEHI,1183,10.17,False
17,GUEMON,087,"KOUN-FAO, COMMUNE ET SOUS-PREFECTURE",24148.0,9809.0,40.62,357.0,9452.0,RHDP,DOUMBIA IBRAHIMA,8300,71.34,True
17,GUEMON,088,"KOUN-FAO, COMMUNE ET SOUS-PREFECTURE",26419.0,11837.0,44.8,202.0,11635.0,INDEPENDANT,KONE BAKARY,1490,12.81,False
17,GUEMON,088,"KOUN-FAO, COMMUNE ET SOUS-PREFECTURE",26419.0,11837.0,44.8,202.0,11635.0,INDEPENDANT,MOUHON BOZON ELVIS DESTY,214,1.84,False
17,GUEMON,088,"KOUN-FAO, COMMUNE ET SOUS-PREFECTURE",26419.0,11837.0,44.8,202.0,11635.0,CODE,YOMI KAPEU,64,0.55,False
17,GUEMON,088,"KOUN-FAO, COMMUNE ET SOUS-PREFECTURE",26419.0,11837.0,44.8,202.0,11635.0,INDEPENDANT,TAE AUBIN,45,0.37,False
17,GUEMON,088,"KOUN-FAO, COMMUNE ET SOUS-PREFECTURE",26419.0,11837.0,44.8,202.0,11635.0,MGC,KAHAN ANGELINE,122,0.99,False
17,GUEMON,088,"KOUN-FAO, COMMUNE ET SOUS-PREFECTURE",26419.0,11837.0,44.8,202.0,11635.0,INDEPENDANT,GNONBLESSON PIERRE QUINTUS,23,0.19,False
17,GUEMON,088,"KOUN-FAO, COMMUNE ET SOUS-PREFECTURE",26419.0,11837.0,44.8,202.0,11635.0,PDCI-RDA,SOMDA FOVIN GEORGETTE EPOUSE GIELEN,3404,27.7,False
17,GUEMON,088,"KOUN-FAO, COMMUNE ET SOUS-PREFECTURE",26419.0,11837.0,44.8,202.0,11635.0,INDEPENDANT,GNAHE GOUSSE FRANCK,135,1.1,False
17,GUEMON,089,"DUEKOUE, COMMUNE",51242.0,12507.0,24.41,218.0,12289.0,INDEPENDANT,TOURE YACOUBA,654,5.32,False
17,GUEMON,089,"DUEKOUE, COMMUNE",51242.0,12507.0,24.41,218.0,12289.0,ADCI,GNENE BASILE,226,1.84,False
17,GUEMON,089,"DUEKOUE, COMMUNE",51242.0,12507.0,24.41,218.0,12289.0,AIRD,KAHE KPLOHOUROU ERIC VICTOR,566,4.61,False
17,GUEMON,089,"DUEKOUE, COMMUNE",51242.0,12507.0,24.41,218.0,12289.0,RHDP,TOURE FLANIZARA,5608,45.63,True
17,GUEMON,089,"DUEKOUE, COMMUNE",51242.0,12507.0,24.41,218.0,12289.0,FPI,TEHY MONSETEMON BASILE,1329,10.81,False
17,GUEMON,089,"DUEKOUE, COMMUNE",51242.0,12507.0,24.41,218.0,12289.0,PDCI-RDA,THE JASMIN ROGER,832,12.86,False
17,GUEMON,090,"DUEKOUE, COMMUNE",15092.0,6652.0,44.08,180.0,6472.0,RHDP,OULLA GUELADET EPHREM PRIVAT,2709,41.86,False
17,GUEMON,090,"DUEKOUE, COMMUNE",15092.0,6652.0,44.08,180.0,6472.0,INDEPENDANT,GNONKA ANGES,2814,43.48,True
17,GUEMON,090,"DUEKOUE, COMMUNE",15092.0,6652.0,44.08,180.0,6472.0,INDEPENDANT,TIE FELICIEN SERGE-ALAIN,223,2.66,False
17,GUEMON,090,"DUEKOUE, COMMUNE",15092.0,6652.0,44.08,180.0,6472.0,INDEPENDANT,BLEKAHI PHILIPPE,518,6.18,False
17,GUEMON,090,"DUEKOUE, COMMUNE",15092.0,6652.0,44.08,180.0,6472.0,ADCI,KINDRAUD MIANTE ALIDA VERONIQUE,347,4.14,False
17,GUEMON,090,"DUEKOUE, COMMUNE",15092.0,6652.0,44.08,180.0,6472.0,INDEPENDANT,MEAMBLY TIE EVARISTE EDOUARD,2551,30.43,False
17,GUEMON,091,"DUEKOUE, COMMUNE",25531.0,8572.0,33.57,189.0,8383.0,INDEPENDANT,TROH KELASSON ADELPHE,817,9.75,False
17,GUEMON,091,"DUEKOUE, COMMUNE",25531.0,8572.0,33.57,189.0,8383.0,INDEPENDANT,TIEPOHO DOHANEMON ALAIN,408,4.87,False
17,GUEMON,091,"DUEKOUE, COMMUNE",25531.0,8572.0,33.57,189.0,8383.0,INDEPENDANT,SEHI GUEHI PATRICK,375,4.47,False
17,GUEMON,091,"DUEKOUE, COMMUNE",25531.0,8572.0,33.57,189.0,8383.0,RHDP,SEA JEAN HONORE,3033,36.18,True
17,GUEMON,091,"DUEKOUE, COMMUNE",25531.0,8572.0,33.57,189.0,8383.0,PPSD,TIEHI EMMANUEL,492,4.84,False
17,GUEMON,091,"DUEKOUE, COMMUNE",25531.0,8572.0,33.57,189.0,8383.0,EDS,YOUTE WONSEBEO INNOCENT,1977,19.45,False
17,GUEMON,091,"DUEKOUE, COMMUNE",25531.0,8572.0,33.57,189.0,8383.0,MGC,KPEYA MONHESSEA,380,3.74,False
17,GUEMON,091,"DUEKOUE, COMMUNE",25531.0,8572.0,33.57,189.0,8383.0,INDEPENDANT,WOMBLEGNON EPSE LEMMENS JULIE,1402,13.79,False
17,GUEMON,092,"DUEKOUE, COMMUNE",30990.0,10715.0,34.58,550.0,10165.0,INDEPENDANT,BEAT-SEKI SEANDJE ANGE,1488,14.64,False
17,GUEMON,092,"DUEKOUE, COMMUNE",30990.0,10715.0,34.58,550.0,10165.0,RHDP,TAHOU THIERRY,3858,37.95,True
17,GUEMON,092,"DUEKOUE, COMMUNE",30990.0,10715.0,34.58,550.0,10165.0,GP-PAIX,GBE GNIONTY ANGELESSE JACQUELIN,258,2.54,False
18,GUEMON,092,"DUEKOUE, COMMUNE",30990.0,10715.0,34.58,550.0,10165.0,INDEPENDANT,KARIDIOULA SOULEYMANE,3946,37.19,False
18,GUEMON,093,"DUEKOUE, COMMUNE",19028.0,10798.0,56.75,187.0,10611.0,RHDP,FOFANA BASSATIGUI,6542,61.65,True
18,GUEMON,093,"DUEKOUE, COMMUNE",19028.0,10798.0,56.75,187.0,10611.0,INDEPENDANT,COULIBALY ABOUBAKARY,3373,20.25,False
18,GUEMON,094,"DUEKOUE, COMMUNE",28370.0,16909.0,59.6,253.0,16656.0,INDEPENDANT,COULIBALY DROUGNAN MOHAMED,311,1.87,False
18,GUEMON,094,"DUEKOUE, COMMUNE",28370.0,16909.0,59.6,253.0,16656.0,RHDP,KONATE IBRAHIM KALIL,12798,76.84,True
18,GUEMON,094,"DUEKOUE, COMMUNE",28370.0,16909.0,59.6,253.0,16656.0,ADCI,KARIDIOULA NIEHINAPARAN,555,4.89,False
18,GUEMON,094,"DUEKOUE, COMMUNE",28370.0,16909.0,59.6,253.0,16656.0,INDEPENDANT,OUATTARA DOKOLIO GERARD,2475,21.79,False
18,GUEMON,095,"DUEKOUE, COMMUNE",22014.0,11652.0,52.93,295.0,11357.0,INDEPENDANT,TRAORE KARIME,5146,29.8,False
18,HAMBOL,096,"DUEKOUE, COMMUNE",45033.0,17667.0,39.23,396.0,17271.0,RHDP,CAMARA POGABAHA THOMAS,11788,68.25,True
18,HAMBOL,096,"DUEKOUE, COMMUNE",45033.0,17667.0,39.23,396.0,17271.0,AIDE,PARE KATITCHO BINTOU CATHERINE,66,0.38,False
18,HAMBOL,096,"DUEKOUE, COMMUNE",45033.0,17667.0,39.23,396.0,17271.0,INDEPENDANT,TRAORE KARIDIA,2808,22.51,False
18,HAMBOL,097,"DUEKOUE, COMMUNE",27757.0,12576.0,45.31,103.0,12473.0,RHDP,KONE CATHERINE,8915,71.47,True
18,HAMBOL,097,"DUEKOUE, COMMUNE",27757.0,12576.0,45.31,103.0,12473.0,PDCI-RDA,TOURE ISSOUF,590,4.73,False
18,HAMBOL,098,"DUEKOUE, COMMUNE",23601.0,23389.0,99.1,44.0,23345.0,RHDP,KONE TIEMOKO MEYLIET,23329,99.93,True
18,HAMBOL,098,"DUEKOUE, COMMUNE",23601.0,23389.0,99.1,44.0,23345.0,INDEPENDANT,ALLIANCE POUR LA DEMOCRATIE ET LE DEVELOPPEMENT,3602,29.69,False
18,HAMBOL,099,"DUEKOUE, COMMUNE",41499.0,12590.0,30.34,457.0,12133.0,RHDP,"UNE COTE DIVOIRE EN PAIX, PROSPERE ET SOLIDAIRE",5873,48.41,True
18,HAMBOL,099,"DUEKOUE, COMMUNE",41499.0,12590.0,30.34,457.0,12133.0,PDCI-RDA,TOUS ENSEMBLE POUR LA COTE D'IVOIRE,2512,20.7,False
18,HAMBOL,099,"DUEKOUE, COMMUNE",41499.0,12590.0,30.34,457.0,12133.0,INDEPENDANT,PRO COTE D'IVOIRE POUR UN PARLEMENT DEFENSEUR DES POPULATIONS,412,1.53,False
18,HAMBOL,099,"DUEKOUE, COMMUNE",41499.0,12590.0,30.34,457.0,12133.0,INDEPENDANT,ENSEMBLE REALISONS,1035,3.83,False
18,HAMBOL,099,"DUEKOUE, COMMUNE",41499.0,12590.0,30.34,457.0,12133.0,INDEPENDANT,LESPOIR POLITIQUE DE DALOA,990,3.67,False
18,HAMBOL,100,"DALOA, VILLE ET SOUS-PREFECTURE",129515.0,27394.0,21.15,401.0,26993.0,RHDP,"UNE COTE D""IVOIRE EN PAIX,PROSPERE ET SOLIDAIRE",21340,79.06,True
18,HAMBOL,100,"DALOA, VILLE ET SOUS-PREFECTURE",129515.0,27394.0,21.15,401.0,26993.0,INDEPENDANT,POUR NOUS CEST DALOA,1844,6.83,False
18,HAMBOL,100,"DALOA, VILLE ET SOUS-PREFECTURE",129515.0,27394.0,21.15,401.0,26993.0,RHDP,OUATTARA BAKARY,3511,32.94,False
18,HAUT-SASSANDRA,101,"DALOA, VILLE ET SOUS-PREFECTURE",24051.0,10915.0,45.38,256.0,10659.0,INDEPENDANT,KIPRE STEPHANE AYMAR AUGUSTIN,5907,55.42,True
18,HAUT-SASSANDRA,101,"DALOA, VILLE ET SOUS-PREFECTURE",24051.0,10915.0,45.38,256.0,10659.0,MGC,BIAHI FLORA ESTELLE DESIREE,21,0.2,False
18,HAUT-SASSANDRA,101,"DALOA, VILLE ET SOUS-PREFECTURE",24051.0,10915.0,45.38,256.0,10659.0,PDCI-RDA,LIKANE-YAGUI JEAN,698,6.55,False
18,HAUT-SASSANDRA,101,"DALOA, VILLE ET SOUS-PREFECTURE",24051.0,10915.0,45.38,256.0,10659.0,INDEPENDANT,UNION DES JEUNES POUR LE DEVELOPPEMENT,264,2.01,False
18,HAUT-SASSANDRA,101,"DALOA, VILLE ET SOUS-PREFECTURE",24051.0,10915.0,45.38,256.0,10659.0,RHDP,"UNE COTE DIVOIRE EN PAIX,PROSPERE ET SOLIDAIRE",5651,43.0,True
18,HAUT-SASSANDRA,102,"DALOA, VILLE ET SOUS-PREFECTURE",52889.0,13588.0,25.69,447.0,13141.0,INDEPENDANT,EPI (ENSSEMBLE POUR ISSIA),2451,18.65,False
18,HAUT-SASSANDRA,102,"DALOA, VILLE ET SOUS-PREFECTURE",52889.0,13588.0,25.69,447.0,13141.0,INDEPENDANT,ENSEMBLE POUR LA CAUSE D'ISSIA,954,7.26,False
18,HAUT-SASSANDRA,102,"DALOA, VILLE ET SOUS-PREFECTURE",52889.0,13588.0,25.69,447.0,13141.0,INDEPENDANT,TOUS UNIS POUR ISSIA,3691,28.09,False
19,HAUT-SASSANDRA,102,"DALOA, VILLE ET SOUS-PREFECTURE",52889.0,13588.0,25.69,447.0,13141.0,INDEPENDANT,GOKOU YODE PATRICK,1793,29.58,False
19,HAUT-SASSANDRA,102,"DALOA, VILLE ET SOUS-PREFECTURE",52889.0,13588.0,25.69,447.0,13141.0,INDEPENDANT,SERY GBOGUHE RICHARD,308,5.08,False
19,HAUT-SASSANDRA,102,"DALOA, VILLE ET SOUS-PREFECTURE",52889.0,13588.0,25.69,447.0,13141.0,INDEPENDANT,LAGO DONWAHI CHARLES,133,2.19,False
19,HAUT-SASSANDRA,102,"DALOA, VILLE ET SOUS-PREFECTURE",52889.0,13588.0,25.69,447.0,13141.0,MNRP,LOUOBA MICHAEL,727,11.99,False
19,HAUT-SASSANDRA,103,"DALOA, VILLE ET SOUS-PREFECTURE",19888.0,6218.0,31.27,156.0,6062.0,RHDP,TRAORE DOTEME,1950,32.17,True
19,HAUT-SASSANDRA,103,"DALOA, VILLE ET SOUS-PREFECTURE",19888.0,6218.0,31.27,156.0,6062.0,INDEPENDANT,PALLE PALLE ISIDORE,91,1.5,False
19,HAUT-SASSANDRA,103,"DALOA, VILLE ET SOUS-PREFECTURE",19888.0,6218.0,31.27,156.0,6062.0,GP-PAIX,KOUAKOU KOFFI,44,0.73,False
19,HAUT-SASSANDRA,103,"DALOA, VILLE ET SOUS-PREFECTURE",19888.0,6218.0,31.27,156.0,6062.0,INDEPENDANT,YOBOUET KOUAKOU DIEUDONNE,49,0.81,False
19,HAUT-SASSANDRA,103,"DALOA, VILLE ET SOUS-PREFECTURE",19888.0,6218.0,31.27,156.0,6062.0,PDCI-RDA,DIBAHI DODO AMEDEE,891,14.7,False
19,HAUT-SASSANDRA,103,"DALOA, VILLE ET SOUS-PREFECTURE",19888.0,6218.0,31.27,156.0,6062.0,CODE,SERI LANDRY,342,2.59,False
19,HAUT-SASSANDRA,103,"DALOA, VILLE ET SOUS-PREFECTURE",19888.0,6218.0,31.27,156.0,6062.0,INDEPENDANT,SOKORA SOKORA ARMAND,216,1.64,False
19,HAUT-SASSANDRA,103,"DALOA, VILLE ET SOUS-PREFECTURE",19888.0,6218.0,31.27,156.0,6062.0,RHDP,LOKPO BRAHIMA,9209,69.82,True
19,HAUT-SASSANDRA,104,"NAHIO ET SAIOUA, COMMUNES ET SOUS-PREFECTURES",33075.0,13469.0,40.72,280.0,13189.0,INDEPENDANT,YOKOZO MARINA ANGELE,76,0.58,False
19,HAUT-SASSANDRA,104,"NAHIO ET SAIOUA, COMMUNES ET SOUS-PREFECTURES",33075.0,13469.0,40.72,280.0,13189.0,MGC,MADI BOUABRE,258,1.96,False
19,HAUT-SASSANDRA,104,"NAHIO ET SAIOUA, COMMUNES ET SOUS-PREFECTURES",33075.0,13469.0,40.72,280.0,13189.0,RHDP,"UNE COTE DIVOIRE EN PAIX, PROSPERE ET SOLIDAIRE",4576,37.97,True
19,HAUT-SASSANDRA,104,"NAHIO ET SAIOUA, COMMUNES ET SOUS-PREFECTURES",33075.0,13469.0,40.72,280.0,13189.0,INDEPENDANT,LE CHANGEMENT C'EST MAINTENANT,324,2.69,False
19,HAUT-SASSANDRA,105,"NAHIO ET SAIOUA, COMMUNES ET SOUS-PREFECTURES",40972.0,12481.0,30.46,430.0,12051.0,INDEPENDANT,"VAVOUA, JEUNESSE DEBOUT",297,2.46,False
19,HAUT-SASSANDRA,105,"NAHIO ET SAIOUA, COMMUNES ET SOUS-PREFECTURES",40972.0,12481.0,30.46,430.0,12051.0,INDEPENDANT,ENSEMBLE POUR LA RELEVE,58,0.48,False
19,HAUT-SASSANDRA,105,"NAHIO ET SAIOUA, COMMUNES ET SOUS-PREFECTURES",40972.0,12481.0,30.46,430.0,12051.0,INDEPENDANT,VAVOUA LE CHANGEMENT C'EST MAINTENANT,115,0.95,False
19,HAUT-SASSANDRA,105,"NAHIO ET SAIOUA, COMMUNES ET SOUS-PREFECTURES",40972.0,12481.0,30.46,430.0,12051.0,INDEPENDANT,UN NOUVEAU DEPART,65,0.54,False
19,HAUT-SASSANDRA,105,"NAHIO ET SAIOUA, COMMUNES ET SOUS-PREFECTURES",40972.0,12481.0,30.46,430.0,12051.0,PDCI-RDA,TOUS ENSEMBLE POUR LA COTE D'IVOIRE,2993,24.84,False
19,HAUT-SASSANDRA,105,"NAHIO ET SAIOUA, COMMUNES ET SOUS-PREFECTURES",40972.0,12481.0,30.46,430.0,12051.0,INDEPENDANT,KOUAME KOUADIO ANDERSON,1090,21.19,False
19,HAUT-SASSANDRA,105,"NAHIO ET SAIOUA, COMMUNES ET SOUS-PREFECTURES",40972.0,12481.0,30.46,430.0,12051.0,INDEPENDANT,N'GUESSAN KOUAKOU SALOMON,59,1.15,False
19,HAUT-SASSANDRA,105,"NAHIO ET SAIOUA, COMMUNES ET SOUS-PREFECTURES",40972.0,12481.0,30.46,430.0,12051.0,INDEPENDANT,SERY SOKO,310,6.03,False
19,HAUT-SASSANDRA,106,"DANIA, COMMUNE ET SOUS-PREFECTURE",12480.0,5299.0,42.46,154.0,5145.0,INDEPENDANT,GBEDEGNE NADJE HUGUES,173,3.36,False
19,HAUT-SASSANDRA,106,"DANIA, COMMUNE ET SOUS-PREFECTURE",12480.0,5299.0,42.46,154.0,5145.0,INDEPENDANT,BERTE NADO AMARA,57,1.11,False
19,HAUT-SASSANDRA,106,"DANIA, COMMUNE ET SOUS-PREFECTURE",12480.0,5299.0,42.46,154.0,5145.0,PDCI-RDA,TAPE TOUAPLI,975,18.95,False
20,HAUT-SASSANDRA,106,"DANIA, COMMUNE ET SOUS-PREFECTURE",12480.0,5299.0,42.46,154.0,5145.0,RHDP,TRA BI SUI GUILLAUME,3312,66.36,True
20,HAUT-SASSANDRA,107,"SEITIFLA, COMMUNE ET SOUS-PREFECTURE",11109.0,5174.0,46.57,183.0,4991.0,INDEPENDANT,TETEA ZAMOSSE LEONARD,357,4.52,False
20,HAUT-SASSANDRA,107,"SEITIFLA, COMMUNE ET SOUS-PREFECTURE",11109.0,5174.0,46.57,183.0,4991.0,PDCI-RDA,GOZE SEPLE BERNARD,3136,39.74,False
20,HAUT-SASSANDRA,107,"SEITIFLA, COMMUNE ET SOUS-PREFECTURE",11109.0,5174.0,46.57,183.0,4991.0,INDEPENDANT,KOUASSI KOUADIO FRANCOIS,48,0.65,False
20,HAUT-SASSANDRA,107,"SEITIFLA, COMMUNE ET SOUS-PREFECTURE",11109.0,5174.0,46.57,183.0,4991.0,GP-PAIX,KONAN KOUAKOU,98,1.32,False
20,HAUT-SASSANDRA,109,"SEITIFLA, COMMUNE ET SOUS-PREFECTURE",19944.0,7665.0,38.43,237.0,7428.0,PDCI-RDA,YAO N'GUESSAN JUSTIN INNOCENT,4346,58.51,True
20,HAUT-SASSANDRA,109,"SEITIFLA, COMMUNE ET SOUS-PREFECTURE",19944.0,7665.0,38.43,237.0,7428.0,INDEPENDANT,KOUAKOU KOUADIO JEAN-ARSENE,709,9.54,False
20,HAUT-SASSANDRA,109,"SEITIFLA, COMMUNE ET SOUS-PREFECTURE",19944.0,7665.0,38.43,237.0,7428.0,RHDP,KOUAKOU KOUASSI HUBERT,2173,29.25,False
20,HAUT-SASSANDRA,109,"SEITIFLA, COMMUNE ET SOUS-PREFECTURE",19944.0,7665.0,38.43,237.0,7428.0,INDEPENDANT,AKOTO KOUASSI OLIVIER,2411,23.13,False
20,HAUT-SASSANDRA,109,"SEITIFLA, COMMUNE ET SOUS-PREFECTURE",19944.0,7665.0,38.43,237.0,7428.0,RHDP,KOUAKOU KOUADIO GERMAIN,939,9.01,False
20,HAUT-SASSANDRA,110,"SEITIFLA, COMMUNE ET SOUS-PREFECTURE",37825.0,10860.0,28.71,436.0,10424.0,PDCI-RDA,KOUASSI TEOPHILE,5907,56.67,True
20,HAUT-SASSANDRA,110,"SEITIFLA, COMMUNE ET SOUS-PREFECTURE",37825.0,10860.0,28.71,436.0,10424.0,INDEPENDANT,TRAORE ABOU,658,6.31,False
20,HAUT-SASSANDRA,110,"SEITIFLA, COMMUNE ET SOUS-PREFECTURE",37825.0,10860.0,28.71,436.0,10424.0,INDEPENDANT,KOUAME KOUASSI BENSON,437,4.19,False
20,HAUT-SASSANDRA,110,"SEITIFLA, COMMUNE ET SOUS-PREFECTURE",37825.0,10860.0,28.71,436.0,10424.0,PDCI-RDA,N'DOUFOU KOUASSI RICHARD,1753,32.93,True
20,HAUT-SASSANDRA,110,"SEITIFLA, COMMUNE ET SOUS-PREFECTURE",37825.0,10860.0,28.71,436.0,10424.0,INDEPENDANT,EKRA KOFFI JEAN-JACQUES,1590,29.86,False
20,HAUT-SASSANDRA,110,"SEITIFLA, COMMUNE ET SOUS-PREFECTURE",37825.0,10860.0,28.71,436.0,10424.0,RHDP,KOFFI KONIEN MOISE,1163,21.84,False
20,HAUT-SASSANDRA,110,"SEITIFLA, COMMUNE ET SOUS-PREFECTURE",37825.0,10860.0,28.71,436.0,10424.0,INDEPENDANT,KOUAKOU ATCHELAUD FAUSTO LEWIS,2500,17.66,False
20,HAUT-SASSANDRA,110,"SEITIFLA, COMMUNE ET SOUS-PREFECTURE",37825.0,10860.0,28.71,436.0,10424.0,INDEPENDANT,TRAORE AHMED PARFAIT,4697,33.18,True
20,HAUT-SASSANDRA,110,"SEITIFLA, COMMUNE ET SOUS-PREFECTURE",37825.0,10860.0,28.71,436.0,10424.0,PDCI-RDA,KOUAME TIALY HONORE,2516,17.77,False
20,IFFOU,112,"SEITIFLA, COMMUNE ET SOUS-PREFECTURE",31073.0,14797.0,47.62,640.0,14157.0,INDEPENDANT,KOUAME KOUADIO JEAN JACQUES,168,1.19,False
20,IFFOU,112,"SEITIFLA, COMMUNE ET SOUS-PREFECTURE",31073.0,14797.0,47.62,640.0,14157.0,INDEPENDANT,KOUAKOU KOUADIO,3004,21.22,False
20,IFFOU,112,"SEITIFLA, COMMUNE ET SOUS-PREFECTURE",31073.0,14797.0,47.62,640.0,14157.0,RHDP,OUATTARA BAKARY,1074,7.59,False
20,IFFOU,112,"SEITIFLA, COMMUNE ET SOUS-PREFECTURE",31073.0,14797.0,47.62,640.0,14157.0,PDCI-RDA,ADI KOUAME ISAC,6704,44.41,False
20,IFFOU,113,"SEITIFLA, COMMUNE ET SOUS-PREFECTURE",30711.0,15501.0,50.47,406.0,15095.0,INDEPENDANT,DRAMANE KOUAKOU AMADOU,278,1.84,False
20,IFFOU,113,"SEITIFLA, COMMUNE ET SOUS-PREFECTURE",30711.0,15501.0,50.47,406.0,15095.0,RHDP,KOUASSI KOUASSI JEAN CLAUDE,7888,52.26,True
20,IFFOU,113,"SEITIFLA, COMMUNE ET SOUS-PREFECTURE",30711.0,15501.0,50.47,406.0,15095.0,INDEPENDANT,KONE MOUSSA,1039,8.91,False
20,IFFOU,113,"SEITIFLA, COMMUNE ET SOUS-PREFECTURE",30711.0,15501.0,50.47,406.0,15095.0,INDEPENDANT,NINTANE MAMADOU,1006,8.62,False
21,INDENIE-DJUABLIN,115,"ANIANSSUE, EBILASSOKRO, NIABLE, YAKASSE-FEYASSE",51273.0,22283.0,43.46,498.0,21785.0,INDEPENDANT,KOUAME BELLEBA MYRIAM ASHELEY,51,0.45,False
21,INDENIE-DJUABLIN,115,"ANIANSSUE, EBILASSOKRO, NIABLE, YAKASSE-FEYASSE",51273.0,22283.0,43.46,498.0,21785.0,INDEPENDANT,ASSEMIAN EPSE TAHI AKISSI MARIE-PAUL,32,0.28,False
21,INDENIE-DJUABLIN,116,"AGNIBILEKROU, COMMUNE ET SOUS-PREFECTURES",28087.0,11675.0,41.57,423.0,11252.0,INDEPENDANT,BEUGRE KOFFI BOAFFE BRICE CYRILE,122,1.08,False
21,INDENIE-DJUABLIN,116,"AGNIBILEKROU, COMMUNE ET SOUS-PREFECTURES",28087.0,11675.0,41.57,423.0,11252.0,PDCI-RDA,MANDODJA M'BIA ROGER,5226,46.45,False
21,INDENIE-DJUABLIN,116,"AGNIBILEKROU, COMMUNE ET SOUS-PREFECTURES",28087.0,11675.0,41.57,423.0,11252.0,INDEPENDANT,BARRY SOULEYMANE,54,0.7,False
21,INDENIE-DJUABLIN,116,"AGNIBILEKROU, COMMUNE ET SOUS-PREFECTURES",28087.0,11675.0,41.57,423.0,11252.0,INDEPENDANT,KAMBIRE SIE,68,0.89,False
21,INDENIE-DJUABLIN,117,"AGNIBILEKROU, COMMUNE ET SOUS-PREFECTURES",17960.0,8130.0,45.27,470.0,7660.0,RHDP,ABOULAYE NANGO,3308,43.19,True
21,INDENIE-DJUABLIN,117,"AGNIBILEKROU, COMMUNE ET SOUS-PREFECTURES",17960.0,8130.0,45.27,470.0,7660.0,INDEPENDANT,KOUAKOU ADOU LEON,1051,13.72,False
21,INDENIE-DJUABLIN,117,"AGNIBILEKROU, COMMUNE ET SOUS-PREFECTURES",17960.0,8130.0,45.27,470.0,7660.0,PDCI-RDA,AMANKOU JEAN MICHEL,3112,40.63,False
21,INDENIE-DJUABLIN,117,"AGNIBILEKROU, COMMUNE ET SOUS-PREFECTURES",17960.0,8130.0,45.27,470.0,7660.0,INDEPENDANT,KONAN JEAN DE DIEU,1462,29.67,False
21,INDENIE-DJUABLIN,117,"AGNIBILEKROU, COMMUNE ET SOUS-PREFECTURES",17960.0,8130.0,45.27,470.0,7660.0,ADCI,ANOH KOUAO STEPHANE,94,1.91,False
21,INDENIE-DJUABLIN,118,"AGNIBILEKROU, COMMUNE ET SOUS-PREFECTURES",14086.0,5069.0,35.99,142.0,4927.0,RHDP,TANO MANIZAN ETIENNE,1740,35.32,True
21,INDENIE-DJUABLIN,118,"AGNIBILEKROU, COMMUNE ET SOUS-PREFECTURES",14086.0,5069.0,35.99,142.0,4927.0,INDEPENDANT,ALIKO NCHO FRANCK ANGHUI,238,4.83,False
21,INDENIE-DJUABLIN,118,"AGNIBILEKROU, COMMUNE ET SOUS-PREFECTURES",14086.0,5069.0,35.99,142.0,4927.0,PDCI-RDA,BROU MIAN,1363,27.66,False
21,INDENIE-DJUABLIN,118,"AGNIBILEKROU, COMMUNE ET SOUS-PREFECTURES",14086.0,5069.0,35.99,142.0,4927.0,INDEPENDANT,FOFANA MAMADOU,2571,31.46,False
21,INDENIE-DJUABLIN,119,"AGNIBILEKROU, COMMUNE ET SOUS-PREFECTURES",11815.0,8223.0,69.6,50.0,8173.0,RHDP,KONE IBRAHIMA,5439,66.55,True
21,INDENIE-DJUABLIN,119,"AGNIBILEKROU, COMMUNE ET SOUS-PREFECTURES",11815.0,8223.0,69.6,50.0,8173.0,PDCI-RDA,KONE SEYDOU,59,0.72,False
21,INDENIE-DJUABLIN,119,"AGNIBILEKROU, COMMUNE ET SOUS-PREFECTURES",11815.0,8223.0,69.6,50.0,8173.0,RHDP,KONATE LADJI,7042,60.6,True
21,INDENIE-DJUABLIN,120,"AGNIBILEKROU, COMMUNE ET SOUS-PREFECTURES",17672.0,11759.0,66.54,138.0,11621.0,INDEPENDANT,FOFANA LASSANA,4430,38.12,False
21,INDENIE-DJUABLIN,120,"AGNIBILEKROU, COMMUNE ET SOUS-PREFECTURES",17672.0,11759.0,66.54,138.0,11621.0,INDEPENDANT,BAMBA MOUSSA,283,2.15,False
21,INDENIE-DJUABLIN,120,"AGNIBILEKROU, COMMUNE ET SOUS-PREFECTURES",17672.0,11759.0,66.54,138.0,11621.0,INDEPENDANT,KONE DAVID MEBRA,170,1.29,False
21,INDENIE-DJUABLIN,120,"AGNIBILEKROU, COMMUNE ET SOUS-PREFECTURES",17672.0,11759.0,66.54,138.0,11621.0,INDEPENDANT,TRAORE DRISSA,521,3.97,False
21,INDENIE-DJUABLIN,121,"AGNIBILEKROU, COMMUNE ET SOUS-PREFECTURES",18754.0,13278.0,70.8,142.0,13136.0,INDEPENDANT,SANOGO AMADOU,47,1.05,False
21,INDENIE-DJUABLIN,121,"AGNIBILEKROU, COMMUNE ET SOUS-PREFECTURES",18754.0,13278.0,70.8,142.0,13136.0,INDEPENDANT,TRAORE BOURAHIMA,215,4.79,False
21,INDENIE-DJUABLIN,121,"AGNIBILEKROU, COMMUNE ET SOUS-PREFECTURES",18754.0,13278.0,70.8,142.0,13136.0,INDEPENDANT,TRAORE SOULEIMANE,199,4.44,False
21,KABADOUGOU,122,"AGNIBILEKROU, COMMUNE ET SOUS-PREFECTURES",7903.0,4577.0,57.91,92.0,4485.0,RHDP,DOUMBIA ALASSANE,1916,42.72,True
21,KABADOUGOU,122,"AGNIBILEKROU, COMMUNE ET SOUS-PREFECTURES",7903.0,4577.0,57.91,92.0,4485.0,INDEPENDANT,VAKABA FOFANA,1914,42.68,False
21,KABADOUGOU,122,"AGNIBILEKROU, COMMUNE ET SOUS-PREFECTURES",7903.0,4577.0,57.91,92.0,4485.0,INDEPENDANT,TRAORE ABDOULAYE,7,0.16,False
21,KABADOUGOU,122,"AGNIBILEKROU, COMMUNE ET SOUS-PREFECTURES",7903.0,4577.0,57.91,92.0,4485.0,PDCI-RDA,DIAKITE BOUAKARY SIDIKI,112,2.5,False
22,KABADOUGOU,123,"ODIENNE , COMMUNE",32124.0,32116.0,99.98,9.0,32107.0,INDEPENDANT,SYLLA MARIAME,2160,12.77,False
22,KABADOUGOU,123,"ODIENNE , COMMUNE",32124.0,32116.0,99.98,9.0,32107.0,INDEPENDANT,KONE BEN IDRISS,89,0.53,False
22,KABADOUGOU,123,"ODIENNE , COMMUNE",32124.0,32116.0,99.98,9.0,32107.0,INDEPENDANT,KEITA ADAMA,2685,15.87,False
22,KABADOUGOU,123,"ODIENNE , COMMUNE",32124.0,32116.0,99.98,9.0,32107.0,PDCI-RDA,VASSIRIKI DOUMBIA,169,1.0,False
22,KABADOUGOU,123,"ODIENNE , COMMUNE",32124.0,32116.0,99.98,9.0,32107.0,INDEPENDANT,ASSY NCHO GUY SERGE,84,0.96,False
22,KABADOUGOU,123,"ODIENNE , COMMUNE",32124.0,32116.0,99.98,9.0,32107.0,INDEPENDANT,ATSE URBAIN,593,6.77,False
22,KABADOUGOU,123,"ODIENNE , COMMUNE",32124.0,32116.0,99.98,9.0,32107.0,INDEPENDANT,BLE N'GUESSAN ALAIN CARLOS,430,4.91,False
22,KABADOUGOU,141,"ADZOPE, COMMUNE",34787.0,12179.0,35.01,3.0,4238756.0,INDEPENDANT,DIARRA CHEICK HAMMALAH,308,3.52,False
22,KABADOUGOU,141,"ADZOPE, COMMUNE",34787.0,12179.0,35.01,3.0,4238756.0,RHDP,ACHI PATRICK JEROME,7246,82.75,True
22,KABADOUGOU,141,"ADZOPE, COMMUNE",34787.0,12179.0,35.01,3.0,4238756.0,INDEPENDANT,EBY FOLY ANGE MARIUS,53,0.61,False
22,KABADOUGOU,141,"ADZOPE, COMMUNE",34787.0,12179.0,35.01,3.0,4238756.0,INDEPENDANT,ASSI KANON JEAN SYLVESTRE,1755,17.46,False
22,KABADOUGOU,141,"ADZOPE, COMMUNE",34787.0,12179.0,35.01,3.0,4238756.0,INDEPENDANT,AMON NCHO KOUADIO PATRICK,911,9.06,False
22,KABADOUGOU,141,"ADZOPE, COMMUNE",34787.0,12179.0,35.01,3.0,4238756.0,INDEPENDANT,ASSY YAPO GHISLAIN,492,4.89,False
22,KABADOUGOU,141,"ADZOPE, COMMUNE",34787.0,12179.0,35.01,3.0,4238756.0,INDEPENDANT,YAPI YATTE ALPHONSE,848,8.44,False
22,KABADOUGOU,142,"ADZOPE, COMMUNE",32407.0,10322.0,31.85,270.0,10052.0,INDEPENDANT,ASSEUHI AKA JULIEN SERGE,508,5.05,False
22,KABADOUGOU,142,"ADZOPE, COMMUNE",32407.0,10322.0,31.85,270.0,10052.0,MGC,YAPI CLOTIDE OHOUOCHI,366,3.64,False
22,KABADOUGOU,142,"ADZOPE, COMMUNE",32407.0,10322.0,31.85,270.0,10052.0,INDEPENDANT,ASSAMOI ODI ANGE MITTERAND BIENVENU,1351,11.19,False
22,KABADOUGOU,142,"ADZOPE, COMMUNE",32407.0,10322.0,31.85,270.0,10052.0,RHDP,BOTCHI ASSI ABEL,8207,67.96,True
22,LA ME,143,"ADZOPE, COMMUNE",33376.0,12344.0,36.98,268.0,12076.0,ADCI,KAKOU SEKA MARCEL SYLVESTRE,207,1.71,False
22,LA ME,143,"ADZOPE, COMMUNE",33376.0,12344.0,36.98,268.0,12076.0,INDEPENDANT,ABENIN YAPO,1339,11.09,False
22,LA ME,143,"ADZOPE, COMMUNE",33376.0,12344.0,36.98,268.0,12076.0,FPI,ASSI ROMEO,875,7.25,False
22,LA ME,143,"ADZOPE, COMMUNE",33376.0,12344.0,36.98,268.0,12076.0,FNDR,BROU BEDA ROGER,934,13.95,False
22,LA ME,143,"ADZOPE, COMMUNE",33376.0,12344.0,36.98,268.0,12076.0,INDEPENDANT,N'GUESSAN-BECHIE PAUL,2686,40.13,False
22,LA ME,144,"AFFERY, COMMUNE ET SOUS-PREFECTURE",16380.0,6980.0,42.61,287.0,6693.0,INDEPENDANT,YAO AKA JAURES ROLAND STEPHANE,65,0.97,False
22,LA ME,144,"AFFERY, COMMUNE ET SOUS-PREFECTURE",16380.0,6980.0,42.61,287.0,6693.0,RHDP,ASSOI ASSI APPOLINAIRE,2855,42.66,True
23,LA ME,144,"AFFERY, COMMUNE ET SOUS-PREFECTURE",16380.0,6980.0,42.61,287.0,6693.0,INDEPENDANT,YAPO VALERIE-YOLANDE,1294,9.91,False
23,LA ME,144,"AFFERY, COMMUNE ET SOUS-PREFECTURE",16380.0,6980.0,42.61,287.0,6693.0,INDEPENDANT,ANON AGUIE CLOTAIRE,483,3.7,False
23,LA ME,144,"AFFERY, COMMUNE ET SOUS-PREFECTURE",16380.0,6980.0,42.61,287.0,6693.0,INDEPENDANT,KOISSY SECKA RENE NOEL FABRICE,130,1.0,False
23,LA ME,144,"AFFERY, COMMUNE ET SOUS-PREFECTURE",16380.0,6980.0,42.61,287.0,6693.0,INDEPENDANT,ASSEU ELOLO SIDONIE,3066,23.47,False
23,LA ME,145,"AFFERY, COMMUNE ET SOUS-PREFECTURE",41157.0,13552.0,32.93,488.0,13064.0,INDEPENDANT,KIMOU ACHY JOEL FABRICE,207,1.58,False
23,LA ME,145,"AFFERY, COMMUNE ET SOUS-PREFECTURE",41157.0,13552.0,32.93,488.0,13064.0,FPI,YAPO ATSE HERMANN NDAH,499,3.82,False
23,LA ME,145,"AFFERY, COMMUNE ET SOUS-PREFECTURE",41157.0,13552.0,32.93,488.0,13064.0,RHDP,ASSI JEAN-LUC,6859,52.5,True
23,LA ME,145,"AFFERY, COMMUNE ET SOUS-PREFECTURE",41157.0,13552.0,32.93,488.0,13064.0,INDEPENDANT,KIMOU KOFFI FLORENT,440,3.37,False
23,LA ME,145,"AFFERY, COMMUNE ET SOUS-PREFECTURE",41157.0,13552.0,32.93,488.0,13064.0,RHDP,NCHO NCHO CHRISTOPHE,6034,44.21,True
23,LA ME,146,"AFFERY, COMMUNE ET SOUS-PREFECTURE",54427.0,13996.0,25.72,349.0,13647.0,INDEPENDANT,ABOA HERMANN,1531,11.22,False
23,LA ME,146,"AFFERY, COMMUNE ET SOUS-PREFECTURE",54427.0,13996.0,25.72,349.0,13647.0,INDEPENDANT,YAPO MARTIAL AUGUSTE,889,6.51,False
23,LA ME,146,"AFFERY, COMMUNE ET SOUS-PREFECTURE",54427.0,13996.0,25.72,349.0,13647.0,PDCI-RDA,DIALLO IBRAHIMA SORY,1433,10.5,False
23,LA ME,146,"AFFERY, COMMUNE ET SOUS-PREFECTURE",54427.0,13996.0,25.72,349.0,13647.0,INDEPENDANT,AMON EDY JEAN-ERIC,2863,28.56,False
23,LA ME,146,"AFFERY, COMMUNE ET SOUS-PREFECTURE",54427.0,13996.0,25.72,349.0,13647.0,UFD,ACAFOU BEKOIN,289,2.88,False
23,LA ME,147,"AFFERY, COMMUNE ET SOUS-PREFECTURE",27218.0,10647.0,39.12,622.0,10025.0,INDEPENDANT,ASSI NDIN THEODORE,2833,28.26,False
23,LA ME,147,"AFFERY, COMMUNE ET SOUS-PREFECTURE",27218.0,10647.0,39.12,622.0,10025.0,RHDP,ADEPO YAPO FRANCOIS,3962,39.52,True
23,LA ME,147,"AFFERY, COMMUNE ET SOUS-PREFECTURE",27218.0,10647.0,39.12,622.0,10025.0,ADCI,ADCI,1113,7.99,False
23,LA ME,125,"AFFERY, COMMUNE ET SOUS-PREFECTURE",47838.0,14471.0,30.25,544.0,13927.0,RHDP,"UNE COTE DIVOIRE EN PAIX, PROSPERE ET SOLIDAIRE",10432,74.9,True
23,LA ME,125,"AFFERY, COMMUNE ET SOUS-PREFECTURE",47838.0,14471.0,30.25,544.0,13927.0,PDCI-RDA,TOUS ENSEMBLE POUR LA COTE D'IVOIRE,2208,15.85,False
23,LA ME,125,"AFFERY, COMMUNE ET SOUS-PREFECTURE",47838.0,14471.0,30.25,544.0,13927.0,INDEPENDANT,DIAKITE ALAHASSANE,17141,62.34,True
23,LA ME,125,"AFFERY, COMMUNE ET SOUS-PREFECTURE",47838.0,14471.0,30.25,544.0,13927.0,RHDP,FAMOUSSA COULIBALY,8675,31.55,False
23,LA ME,125,"AFFERY, COMMUNE ET SOUS-PREFECTURE",47838.0,14471.0,30.25,544.0,13927.0,INDEPENDANT,BAMBA FATOU,71,0.26,False
23,LA ME,126,"DIVO, COMMUNE",80222.0,28025.0,34.93,528.0,27497.0,INDEPENDANT,DJEGBI PRINCE HUSTER FRANCIS,41,0.15,False
23,LA ME,126,"DIVO, COMMUNE",80222.0,28025.0,34.93,528.0,27497.0,RHDP,DJA-BLE JOSEPH,3899,52.23,True
23,LA ME,126,"DIVO, COMMUNE",80222.0,28025.0,34.93,528.0,27497.0,INDEPENDANT,OUREGA AGNEZA KOUASSI LANDRY,726,9.73,False
23,LA ME,126,"DIVO, COMMUNE",80222.0,28025.0,34.93,528.0,27497.0,INDEPENDANT,AMANE KOUASSI VINCENT,165,2.21,False
23,LOH-DJIBOUA,127,"HIRE ET ZEGO, COMMUNES ET SOUS-PREFECTURES",28375.0,7714.0,27.19,249.0,7465.0,EDS,DAGO KOUASSI AUGUSTE,16,0.21,False
23,LOH-DJIBOUA,127,"HIRE ET ZEGO, COMMUNES ET SOUS-PREFECTURES",28375.0,7714.0,27.19,249.0,7465.0,INDEPENDANT,N'DA YAO ALEXANDRE,285,3.82,False
23,LOH-DJIBOUA,127,"HIRE ET ZEGO, COMMUNES ET SOUS-PREFECTURES",28375.0,7714.0,27.19,249.0,7465.0,INDEPENDANT,KOUASSI EPSE ABOURLAY TITRE MARIE-MADELEINE,109,1.46,False
23,LOH-DJIBOUA,127,"HIRE ET ZEGO, COMMUNES ET SOUS-PREFECTURES",28375.0,7714.0,27.19,249.0,7465.0,PDCI-RDA,N'GUESSAN YAO SERGE,1897,25.41,False
24,LOH-DJIBOUA,127,"HIRE ET ZEGO, COMMUNES ET SOUS-PREFECTURES",28375.0,7714.0,27.19,249.0,7465.0,MLPCI,TRAORE NAMORY,30,0.23,False
24,LOH-DJIBOUA,127,"HIRE ET ZEGO, COMMUNES ET SOUS-PREFECTURES",28375.0,7714.0,27.19,249.0,7465.0,INDEPENDANT,KRAGBE BEHIBRO PHILIPPE MICHAEL,4959,37.38,False
24,LOH-DJIBOUA,128,"HIRE ET ZEGO, COMMUNES ET SOUS-PREFECTURES",30986.0,13544.0,43.71,276.0,13268.0,RHDP,KOKO PATRICIA SYLVIE EPSE YAO,7622,57.45,True
24,LOH-DJIBOUA,128,"HIRE ET ZEGO, COMMUNES ET SOUS-PREFECTURES",30986.0,13544.0,43.71,276.0,13268.0,PDCI-RDA,KOUAME KOUASSI INNOCENT,497,3.75,False
24,LOH-DJIBOUA,128,"HIRE ET ZEGO, COMMUNES ET SOUS-PREFECTURES",30986.0,13544.0,43.71,276.0,13268.0,RHDP,GNEBA NADINE MELANIE,4260,86.99,True
24,LOH-DJIBOUA,129,"HIRE ET ZEGO, COMMUNES ET SOUS-PREFECTURES",12142.0,5036.0,41.48,139.0,4897.0,MGC,LAGO DOUGROU DOMINIQUE,546,11.15,False
24,LOH-DJIBOUA,129,"HIRE ET ZEGO, COMMUNES ET SOUS-PREFECTURES",12142.0,5036.0,41.48,139.0,4897.0,INDEPENDANT,YAO ASSABLI YAO,24,0.56,False
24,LOH-DJIBOUA,129,"HIRE ET ZEGO, COMMUNES ET SOUS-PREFECTURES",12142.0,5036.0,41.48,139.0,4897.0,INDEPENDANT,BREUDJI HERMANN LANDRY,1155,26.74,False
24,LOH-DJIBOUA,130,"HIRE ET ZEGO, COMMUNES ET SOUS-PREFECTURES",13640.0,4476.0,32.82,156.0,4320.0,RHDP,ABADI MIEZAN CHARLES,2758,63.84,True
24,LOH-DJIBOUA,130,"HIRE ET ZEGO, COMMUNES ET SOUS-PREFECTURES",13640.0,4476.0,32.82,156.0,4320.0,INDEPENDANT,GNATTO BAHIE SEBASTIEN,14,0.32,False
24,LOH-DJIBOUA,130,"HIRE ET ZEGO, COMMUNES ET SOUS-PREFECTURES",13640.0,4476.0,32.82,156.0,4320.0,PDCI-RDA,GAYE GNAFFOU DOGOLIE JEAN,311,7.2,False
24,LOH-DJIBOUA,130,"HIRE ET ZEGO, COMMUNES ET SOUS-PREFECTURES",13640.0,4476.0,32.82,156.0,4320.0,RHDP,MERHY SAMY,4166,64.58,True
24,LOH-DJIBOUA,131,"HIRE ET ZEGO, COMMUNES ET SOUS-PREFECTURES",18404.0,6693.0,36.37,242.0,6451.0,EDS,AHIPEAUD AHIPEAUD JEAN-ANDRE,267,4.14,False
24,LOH-DJIBOUA,131,"HIRE ET ZEGO, COMMUNES ET SOUS-PREFECTURES",18404.0,6693.0,36.37,242.0,6451.0,INDEPENDANT,DAGO KOUASSI JUSTIN AIME,298,4.62,False
24,LOH-DJIBOUA,131,"HIRE ET ZEGO, COMMUNES ET SOUS-PREFECTURES",18404.0,6693.0,36.37,242.0,6451.0,PDCI-RDA,GUEBO DOUKOURE MARCEL,589,9.13,False
24,LOH-DJIBOUA,131,"HIRE ET ZEGO, COMMUNES ET SOUS-PREFECTURES",18404.0,6693.0,36.37,242.0,6451.0,INDEPENDANT,KAMBOU SANSAN SYLVAIN,100,1.18,False
24,LOH-DJIBOUA,131,"HIRE ET ZEGO, COMMUNES ET SOUS-PREFECTURES",18404.0,6693.0,36.37,242.0,6451.0,INDEPENDANT,KONE CHEVA ADAM MOHAMED,153,1.81,False
24,LOH-DJIBOUA,131,"HIRE ET ZEGO, COMMUNES ET SOUS-PREFECTURES",18404.0,6693.0,36.37,242.0,6451.0,INDEPENDANT,LAGO LAVRI SOLANGE EPSE KONE,891,10.51,False
24,LOH-DJIBOUA,132,"LAKOTA, COMMUNE ET SOUS-PREFECTURE",38754.0,8724.0,22.51,250.0,8474.0,INDEPENDANT,DALLI ARTHUR PRINCE-RICHARD,1762,20.79,False
24,LOH-DJIBOUA,132,"LAKOTA, COMMUNE ET SOUS-PREFECTURE",38754.0,8724.0,22.51,250.0,8474.0,INDEPENDANT,GODI DADIE JUSTIN,289,3.41,False
24,LOH-DJIBOUA,132,"LAKOTA, COMMUNE ET SOUS-PREFECTURE",38754.0,8724.0,22.51,250.0,8474.0,PDCI-RDA,MAGOU MANDY CARMEN,754,8.9,False
25,LOH-DJIBOUA,132,"LAKOTA, COMMUNE ET SOUS-PREFECTURE",38754.0,8724.0,22.51,250.0,8474.0,INDEPENDANT,HOURA KOUASSI MARC,4392,41.41,True
25,LOH-DJIBOUA,132,"LAKOTA, COMMUNE ET SOUS-PREFECTURE",38754.0,8724.0,22.51,250.0,8474.0,INDEPENDANT,KOUADIO KOUADIO AURELIEN,499,4.7,False
25,LOH-DJIBOUA,133,"LAKOTA, COMMUNE ET SOUS-PREFECTURE",36006.0,10954.0,30.42,348.0,10606.0,RHDP,KOUASSI ALLOMO FLORE FAITAY,2522,23.78,False
25,LOH-DJIBOUA,133,"LAKOTA, COMMUNE ET SOUS-PREFECTURE",36006.0,10954.0,30.42,348.0,10606.0,INDEPENDANT,GOORE BI GOLE JEAN BAPTISTE,303,2.86,False
25,LOH-DJIBOUA,133,"LAKOTA, COMMUNE ET SOUS-PREFECTURE",36006.0,10954.0,30.42,348.0,10606.0,INDEPENDANT,KOFFI LOUKOU LEON,2703,25.49,False
25,LOH-DJIBOUA,133,"LAKOTA, COMMUNE ET SOUS-PREFECTURE",36006.0,10954.0,30.42,348.0,10606.0,INDEPENDANT,KAMAGATE MOUSSA EL FADHEL,131,1.1,False
25,LOH-DJIBOUA,133,"LAKOTA, COMMUNE ET SOUS-PREFECTURE",36006.0,10954.0,30.42,348.0,10606.0,INDEPENDANT,NDIA FREDERIK,556,4.66,False
25,LOH-DJIBOUA,133,"LAKOTA, COMMUNE ET SOUS-PREFECTURE",36006.0,10954.0,30.42,348.0,10606.0,INDEPENDANT,COWPPLI BONY AFFOUE ELISABETH,209,1.75,False
25,LOH-DJIBOUA,133,"LAKOTA, COMMUNE ET SOUS-PREFECTURE",36006.0,10954.0,30.42,348.0,10606.0,INDEPENDANT,TIE BI IRIE MODESTE,90,0.75,False
25,LOH-DJIBOUA,133,"LAKOTA, COMMUNE ET SOUS-PREFECTURE",36006.0,10954.0,30.42,348.0,10606.0,INDEPENDANT,DJE BI TCHAN,254,2.13,False
25,LOH-DJIBOUA,133,"LAKOTA, COMMUNE ET SOUS-PREFECTURE",36006.0,10954.0,30.42,348.0,10606.0,INDEPENDANT,BLE BI BONAVENTURE,106,0.89,False
25,LOH-DJIBOUA,134,"BOUAFLE, COMMUNE",43844.0,12123.0,27.65,180.0,11943.0,INDEPENDANT,OUATTARA IBRAHIM,146,1.22,False
25,LOH-DJIBOUA,134,"BOUAFLE, COMMUNE",43844.0,12123.0,27.65,180.0,11943.0,RHDP,KONE ADAMA,6712,56.2,True
25,LOH-DJIBOUA,134,"BOUAFLE, COMMUNE",43844.0,12123.0,27.65,180.0,11943.0,ADCI,TIBE BI N'GUESSAN MARCEL,190,1.59,False
25,LOH-DJIBOUA,134,"BOUAFLE, COMMUNE",43844.0,12123.0,27.65,180.0,11943.0,INDEPENDANT,OUEDRAOGO AMIDOU,24,0.2,False
25,LOH-DJIBOUA,134,"BOUAFLE, COMMUNE",43844.0,12123.0,27.65,180.0,11943.0,PDCI-RDA,KOFFI SERGES AZI,2511,21.02,False
25,LOH-DJIBOUA,134,"BOUAFLE, COMMUNE",43844.0,12123.0,27.65,180.0,11943.0,INDEPENDANT,ZORO BI BALLO FRANCK,216,2.5,False
25,MARAHOUE,135,"BOUAFLE, COMMUNE",35059.0,8815.0,25.14,175.0,8640.0,PDCI-RDA,TRAZIE BI GUESSAN,2570,29.75,False
25,MARAHOUE,135,"BOUAFLE, COMMUNE",35059.0,8815.0,25.14,175.0,8640.0,MGC,KOUAME BI BLI ROBERT,92,1.06,False
25,MARAHOUE,135,"BOUAFLE, COMMUNE",35059.0,8815.0,25.14,175.0,8640.0,INDEPENDANT,KEITA ABDOULAYE,849,12.43,False
25,MARAHOUE,135,"BOUAFLE, COMMUNE",35059.0,8815.0,25.14,175.0,8640.0,CNDCI,KONAN BLE OSWALD ANATOLE N'KONIAN,477,6.99,False
25,MARAHOUE,135,"BOUAFLE, COMMUNE",35059.0,8815.0,25.14,175.0,8640.0,INDEPENDANT,KOUAKOU KOUADIO PATRICE,284,4.16,False
25,MARAHOUE,135,"BOUAFLE, COMMUNE",35059.0,8815.0,25.14,175.0,8640.0,INDEPENDANT,KOUAKOU MESMER BECANTY,1026,15.03,False
25,MARAHOUE,135,"BOUAFLE, COMMUNE",35059.0,8815.0,25.14,175.0,8640.0,INDEPENDANT,KOUADIO ATOBE JACOB ANDERSON,388,5.68,False
25,MARAHOUE,135,"BOUAFLE, COMMUNE",35059.0,8815.0,25.14,175.0,8640.0,INDEPENDANT,YAO AFFOUE MARINA,236,3.46,False
25,MARAHOUE,136,"BOUAFLE, COMMUNE",20818.0,6995.0,33.6,167.0,6828.0,INDEPENDANT,KOUASSI BI KOUASSI GUILLAUME,135,1.98,False
25,MARAHOUE,136,"BOUAFLE, COMMUNE",20818.0,6995.0,33.6,167.0,6828.0,RHDP,BEMA COULIBALY,2402,35.18,True
25,MARAHOUE,136,"BOUAFLE, COMMUNE",20818.0,6995.0,33.6,167.0,6828.0,INDEPENDANT,CAHIE KAKOU GUY JOEL,17,0.25,False
25,MARAHOUE,136,"BOUAFLE, COMMUNE",20818.0,6995.0,33.6,167.0,6828.0,INDEPENDANT,KOFFI AHOU MICHELE DEBORAH KOUADIO,64,0.94,False
25,MARAHOUE,136,"BOUAFLE, COMMUNE",20818.0,6995.0,33.6,167.0,6828.0,INDEPENDANT,OUADI NDRI LOU YALOU RACHELLE,353,5.17,False
25,MARAHOUE,136,"BOUAFLE, COMMUNE",20818.0,6995.0,33.6,167.0,6828.0,INDEPENDANT,TOUVOLI BI KOUADIO MARTIAL,54,0.79,False
25,MARAHOUE,136,"BOUAFLE, COMMUNE",20818.0,6995.0,33.6,167.0,6828.0,PDCI-RDA,GAULLY SAHOUA ANTOINE SYLVAIN PEPIN,484,7.09,False
26,MARAHOUE,136,"BOUAFLE, COMMUNE",20818.0,6995.0,33.6,167.0,6828.0,INDEPENDANT,MA BI MONOUIN STEPHANE DE-DEN,1023,7.15,False
26,MARAHOUE,136,"BOUAFLE, COMMUNE",20818.0,6995.0,33.6,167.0,6828.0,RHDP,SATI LOU GOLENAN MADELEINE EPSE TOUVOLI,7447,52.08,True
26,MARAHOUE,136,"BOUAFLE, COMMUNE",20818.0,6995.0,33.6,167.0,6828.0,INDEPENDANT,SEYBOU DIARRA,154,1.08,False
26,MARAHOUE,136,"BOUAFLE, COMMUNE",20818.0,6995.0,33.6,167.0,6828.0,INDEPENDANT,KOFFI YAO APPOLINAIRE,173,1.21,False
26,MARAHOUE,136,"BOUAFLE, COMMUNE",20818.0,6995.0,33.6,167.0,6828.0,INDEPENDANT,BOTTY BI NEDRO SERGE,2913,20.37,False
26,MARAHOUE,136,"BOUAFLE, COMMUNE",20818.0,6995.0,33.6,167.0,6828.0,INDEPENDANT,KONE NGOLO LASSINA KONE,123,0.86,False
26,MARAHOUE,137,"BOUAFLE, COMMUNE",48502.0,14650.0,30.2,350.0,14300.0,INDEPENDANT,YEO SOULEYMANE OUATTARA,313,2.19,False
26,MARAHOUE,137,"BOUAFLE, COMMUNE",48502.0,14650.0,30.2,350.0,14300.0,INDEPENDANT,KOUYATE SANAKRO,741,5.18,False
26,MARAHOUE,137,"BOUAFLE, COMMUNE",48502.0,14650.0,30.2,350.0,14300.0,GP-PAIX,SERY BI BOLY EMMANUEL,95,0.66,False
26,MARAHOUE,137,"BOUAFLE, COMMUNE",48502.0,14650.0,30.2,350.0,14300.0,CODE,BOTTY KOMON ALEXIS,97,0.68,False
26,MARAHOUE,137,"BOUAFLE, COMMUNE",48502.0,14650.0,30.2,350.0,14300.0,PDCI-RDA,TCHEL-BI LAHORE GHISLAIN,910,6.36,False
26,MARAHOUE,137,"BOUAFLE, COMMUNE",48502.0,14650.0,30.2,350.0,14300.0,INDEPENDANT,GOORE BI GNAMIEN WILLY TAUNIN,205,1.43,False
26,MARAHOUE,137,"BOUAFLE, COMMUNE",48502.0,14650.0,30.2,350.0,14300.0,INDEPENDANT,DJE BI GOHAI AUDRIC-LANDRY,1055,15.69,False
26,MARAHOUE,138,"BOUAFLE, COMMUNE",22447.0,6845.0,30.49,119.0,6726.0,INDEPENDANT,YOUAN BI TRAZIE BERTRAND ATHANASE,761,11.31,False
26,MARAHOUE,138,"BOUAFLE, COMMUNE",22447.0,6845.0,30.49,119.0,6726.0,ADCI,IRIE BI ZOU FULBERT,13,0.19,False
26,MARAHOUE,138,"BOUAFLE, COMMUNE",22447.0,6845.0,30.49,119.0,6726.0,PDCI-RDA,DJE BI SAMEDI BERNARD ZEHOUA,138,2.05,False
26,MARAHOUE,138,"BOUAFLE, COMMUNE",22447.0,6845.0,30.49,119.0,6726.0,MGC,IRIE BI IRIE AMBROISE,67,1.0,False
26,MARAHOUE,138,"BOUAFLE, COMMUNE",22447.0,6845.0,30.49,119.0,6726.0,INDEPENDANT,DIDI BI TRA SYLVAIN,138,2.05,False
26,MARAHOUE,138,"BOUAFLE, COMMUNE",22447.0,6845.0,30.49,119.0,6726.0,INDEPENDANT,SEHI BI KOUE ALPHONSE,2210,28.71,True
26,MARAHOUE,138,"BOUAFLE, COMMUNE",22447.0,6845.0,30.49,119.0,6726.0,RHDP,DJO BI MIZAN HONORE DES AMIS,1720,22.34,False
26,MARAHOUE,138,"BOUAFLE, COMMUNE",22447.0,6845.0,30.49,119.0,6726.0,INDEPENDANT,ZA BI ZAN MARCEL PAGNOL,322,4.18,False
26,MARAHOUE,138,"BOUAFLE, COMMUNE",22447.0,6845.0,30.49,119.0,6726.0,INDEPENDANT,VAMI BI NENE JOSEPH,1841,23.91,False
26,MARAHOUE,139,"BOUAFLE, COMMUNE",23114.0,7950.0,34.39,251.0,7699.0,INDEPENDANT,YOUAN BI TRA JEAN-CLAUDE,878,11.4,False
26,MARAHOUE,139,"BOUAFLE, COMMUNE",23114.0,7950.0,34.39,251.0,7699.0,ADCI,ZOHOU BI NENON HONORE,223,2.9,False
26,MARAHOUE,139,"BOUAFLE, COMMUNE",23114.0,7950.0,34.39,251.0,7699.0,INDEPENDANT,IRIE BI ZORO SAMUEL,178,2.31,False
26,MARAHOUE,139,"BOUAFLE, COMMUNE",23114.0,7950.0,34.39,251.0,7699.0,CODE,TRA BI CA PAUL,51,0.66,False
26,MARAHOUE,139,"BOUAFLE, COMMUNE",23114.0,7950.0,34.39,251.0,7699.0,INDEPENDANT,SIKA BI BOLOU BERENGER,114,1.48,False
27,MARAHOUE,139,"BOUAFLE, COMMUNE",23114.0,7950.0,34.39,251.0,7699.0,INDEPENDANT,DJE-BI-DJE OLIVIER VAMY,1462,28.03,False
27,MARAHOUE,139,"BOUAFLE, COMMUNE",23114.0,7950.0,34.39,251.0,7699.0,INDEPENDANT,BOUE BI IRIE MARCELIN,73,1.4,False
27,MARAHOUE,139,"BOUAFLE, COMMUNE",23114.0,7950.0,34.39,251.0,7699.0,CODE,KAHOU BI KALOU ROMEO,4,0.08,False
27,MARAHOUE,139,"BOUAFLE, COMMUNE",23114.0,7950.0,34.39,251.0,7699.0,INDEPENDANT,KARAMOKO GAHOUSSOU,284,5.44,False
27,MARAHOUE,139,"BOUAFLE, COMMUNE",23114.0,7950.0,34.39,251.0,7699.0,INDEPENDANT,DIALLO HABIB PEGAHTIEN,766,14.69,False
27,MARAHOUE,139,"BOUAFLE, COMMUNE",23114.0,7950.0,34.39,251.0,7699.0,INDEPENDANT,TOURE KALPI GISELLE,674,12.92,False
27,MARAHOUE,139,"BOUAFLE, COMMUNE",23114.0,7950.0,34.39,251.0,7699.0,INDEPENDANT,BEKOIN EHORODOU JORIS BENJAMIN,244,1.8,False
27,MARAHOUE,139,"BOUAFLE, COMMUNE",23114.0,7950.0,34.39,251.0,7699.0,RHDP,N'GUESSAN AHONDJOU,9625,70.83,True
27,MARAHOUE,154,"BOUAFLE, COMMUNE",34560.0,14012.0,40.54,424.0,13588.0,INDEPENDANT,KOUADIO KOUAKOU JULIEN,178,1.31,False
27,MARAHOUE,154,"BOUAFLE, COMMUNE",34560.0,14012.0,40.54,424.0,13588.0,PDCI-RDA,KWABENA KOUASSI STEPHANE,3419,25.16,False
27,MARAHOUE,154,"BOUAFLE, COMMUNE",34560.0,14012.0,40.54,424.0,13588.0,INDEPENDANT,AKA BONI MARC,1152,16.49,False
27,MARAHOUE,154,"BOUAFLE, COMMUNE",34560.0,14012.0,40.54,424.0,13588.0,INDEPENDANT,HAMIAN OI HAMIAN ETIENNE,76,1.09,False
27,MARAHOUE,154,"BOUAFLE, COMMUNE",34560.0,14012.0,40.54,424.0,13588.0,INDEPENDANT,KOUAME NGUADAH GEORGES,177,2.53,False
27,MARAHOUE,154,"BOUAFLE, COMMUNE",34560.0,14012.0,40.54,424.0,13588.0,RHDP,ASSOUGBA JACOB AMOIN,2933,41.98,True
27,MARAHOUE,154,"BOUAFLE, COMMUNE",34560.0,14012.0,40.54,424.0,13588.0,INDEPENDANT,ETTIEN AKA JEAN-CHARLES,51,0.73,False
27,MARAHOUE,157,"BONGOUANOU, COMMUNE",24670.0,7232.0,29.31,246.0,6986.0,INDEPENDANT,AKESSE TEHIA EMILIENNE,72,1.03,False
27,MARAHOUE,157,"BONGOUANOU, COMMUNE",24670.0,7232.0,29.31,246.0,6986.0,ADCI,EHUI ASSOUO BENOIT,30,0.43,False
27,MARAHOUE,157,"BONGOUANOU, COMMUNE",24670.0,7232.0,29.31,246.0,6986.0,INDEPENDANT,GOLI TINAN ESTELLE AURELIE,624,8.93,False
27,MARAHOUE,157,"BONGOUANOU, COMMUNE",24670.0,7232.0,29.31,246.0,6986.0,PDCI-RDA,KABLAN ANZIAN ANDRE,852,12.2,False
27,MARAHOUE,157,"BONGOUANOU, COMMUNE",24670.0,7232.0,29.31,246.0,6986.0,INDEPENDANT,KOUAME MESMIN KOMOE,2214,22.2,False
27,MARAHOUE,157,"BONGOUANOU, COMMUNE",24670.0,7232.0,29.31,246.0,6986.0,INDEPENDANT,EHOUSSOU MELISSA SOMA FLORA,472,4.73,False
27,MARAHOUE,157,"BONGOUANOU, COMMUNE",24670.0,7232.0,29.31,246.0,6986.0,INDEPENDANT,ETILE ABOH FREDERIC,63,0.63,False
27,MARAHOUE,157,"BONGOUANOU, COMMUNE",24670.0,7232.0,29.31,246.0,6986.0,INDEPENDANT,TEHOUA KISSI THEOPHILE,100,1.0,False
27,MARAHOUE,157,"BONGOUANOU, COMMUNE",24670.0,7232.0,29.31,246.0,6986.0,RHDP,FETE ANE BENJAMIN,2218,22.24,False
27,MORONOU,158,ET SOUS-PREFECTURES ET BONGOUANOU SOUS-,34019.0,10414.0,30.61,439.0,9975.0,INDEPENDANT,KOUA CHARLES-PHILIPPS KINIMO,327,3.28,False
27,MORONOU,158,ET SOUS-PREFECTURES ET BONGOUANOU SOUS-,34019.0,10414.0,30.61,439.0,9975.0,ADCI,BOSSON BROU KOWOUSSA EVARISTE,249,2.5,False
27,MORONOU,158,ET SOUS-PREFECTURES ET BONGOUANOU SOUS-,34019.0,10414.0,30.61,439.0,9975.0,FPI,DIBY KOKORA BOADY BERNARD,3093,31.01,True
27,MORONOU,158,ET SOUS-PREFECTURES ET BONGOUANOU SOUS-,34019.0,10414.0,30.61,439.0,9975.0,INDEPENDANT,AHONON ROMEO RAOUL ANE,60,0.6,False
27,MORONOU,158,ET SOUS-PREFECTURES ET BONGOUANOU SOUS-,34019.0,10414.0,30.61,439.0,9975.0,INDEPENDANT,KASSI KOUAME JEAN-BAPTISTE,245,2.46,False
28,MORONOU,158,ET SOUS-PREFECTURES ET BONGOUANOU SOUS-,34019.0,10414.0,30.61,439.0,9975.0,RHDP,KOUAKOU DAPA YAO KOSSONOU MARCELLIN,2862,35.53,False
28,MORONOU,158,ET SOUS-PREFECTURES ET BONGOUANOU SOUS-,34019.0,10414.0,30.61,439.0,9975.0,ADCI,AKA NZI SEVERIN,121,1.5,False
28,MORONOU,161,ET SOUS-PREFECTURES ET BONGOUANOU SOUS-,19083.0,8372.0,43.87,317.0,8055.0,FPI,KOUAME KONGO GREGOIRE,1265,15.7,False
28,MORONOU,161,ET SOUS-PREFECTURES ET BONGOUANOU SOUS-,19083.0,8372.0,43.87,317.0,8055.0,INDEPENDANT,NIAMIAN N'GUESSAN RAOUL THIBAUT,732,9.09,False
28,MORONOU,161,ET SOUS-PREFECTURES ET BONGOUANOU SOUS-,19083.0,8372.0,43.87,317.0,8055.0,PDCI-RDA,AKA DESQUITH AMBROISE,2995,37.18,True
28,MORONOU,161,ET SOUS-PREFECTURES ET BONGOUANOU SOUS-,19083.0,8372.0,43.87,317.0,8055.0,INDEPENDANT,KANGA KACOU ANTOINE,3346,35.89,True
28,MORONOU,161,ET SOUS-PREFECTURES ET BONGOUANOU SOUS-,19083.0,8372.0,43.87,317.0,8055.0,RHDP,NIAMIAN KOKOLO JEAN-PIERRE,2604,27.93,False
28,MORONOU,161,ET SOUS-PREFECTURES ET BONGOUANOU SOUS-,19083.0,8372.0,43.87,317.0,8055.0,INDEPENDANT,COULIBALY ABIBA EPSE COULIBALY,56,0.6,False
28,MORONOU,162,ET SOUS-PREFECTURES ET BONGOUANOU SOUS-,27427.0,9770.0,35.62,446.0,9324.0,INDEPENDANT,MOREAU KABLAN BILE CHARLES ARMEL,223,2.39,False
28,MORONOU,162,ET SOUS-PREFECTURES ET BONGOUANOU SOUS-,27427.0,9770.0,35.62,446.0,9324.0,ADCI,KOUAME DJA ESSAN FRANCOIS,361,3.87,False
28,MORONOU,162,ET SOUS-PREFECTURES ET BONGOUANOU SOUS-,27427.0,9770.0,35.62,446.0,9324.0,INDEPENDANT,KOUAME TIEMELE,72,0.77,False
28,MORONOU,162,ET SOUS-PREFECTURES ET BONGOUANOU SOUS-,27427.0,9770.0,35.62,446.0,9324.0,PDCI-RDA,AKA AMANAN VERONIQUE,2536,27.2,False
28,MORONOU,162,ET SOUS-PREFECTURES ET BONGOUANOU SOUS-,27427.0,9770.0,35.62,446.0,9324.0,INDEPENDANT,KOFFI DJAH DANIEL,105,1.96,False
28,MORONOU,162,ET SOUS-PREFECTURES ET BONGOUANOU SOUS-,27427.0,9770.0,35.62,446.0,9324.0,INDEPENDANT,SALIA BLE SOLANGE,117,2.18,False
28,MORONOU,162,ET SOUS-PREFECTURES ET BONGOUANOU SOUS-,27427.0,9770.0,35.62,446.0,9324.0,INDEPENDANT,BONI TANO N'GUESSAN NOELLE MARIE EPOUSE EKPONON,1337,24.93,False
28,MORONOU,162,ET SOUS-PREFECTURES ET BONGOUANOU SOUS-,27427.0,9770.0,35.62,446.0,9324.0,GP-PAIX,KANGAH AMANI SERGE,174,3.25,False
28,MORONOU,148,ET SOUS-PREFECTURES ET BONGOUANOU SOUS-,19218.0,5564.0,28.95,202.0,5362.0,RHDP,ZEKRE ZADI CHRIST-YVAN,1597,29.78,True
28,MORONOU,148,ET SOUS-PREFECTURES ET BONGOUANOU SOUS-,19218.0,5564.0,28.95,202.0,5362.0,INDEPENDANT,DOGUI MARIE-NOELLE,1256,23.42,False
28,MORONOU,148,ET SOUS-PREFECTURES ET BONGOUANOU SOUS-,19218.0,5564.0,28.95,202.0,5362.0,ADCI,KOUADIO KONAN CALVIN,57,1.06,False
28,MORONOU,148,ET SOUS-PREFECTURES ET BONGOUANOU SOUS-,19218.0,5564.0,28.95,202.0,5362.0,PDCI-RDA,BLE SAILLY FELIX,669,12.48,False
28,MORONOU,148,ET SOUS-PREFECTURES ET BONGOUANOU SOUS-,19218.0,5564.0,28.95,202.0,5362.0,RHDP,"UNE COTE DIVOIRE EN PAIX, PROSPERE ET SOLIDAIRE",2911,44.59,False
28,MORONOU,149,"BUYO ET DAPEOUA, COMMUNES ET SOUS-PREFECTURES",27640.0,6852.0,24.79,323.0,6529.0,INDEPENDANT,"POUR LE DEVELOPPEMENT DE BUYO, JE VOTE UTILE",71,1.09,False
28,MORONOU,149,"BUYO ET DAPEOUA, COMMUNES ET SOUS-PREFECTURES",27640.0,6852.0,24.79,323.0,6529.0,RHDP,"UNE COTE DIVOIRE EN PAIX, PROSPERE ET SOLIDAIRE",2877,23.4,False
28,NAWA,150,"BUYO ET DAPEOUA, COMMUNES ET SOUS-PREFECTURES",57090.0,12968.0,22.72,671.0,12297.0,PDCI-RDA,TOUS ENSEMBLE POUR LA COTE D'IVOIRE,6881,55.96,True
28,NAWA,150,"BUYO ET DAPEOUA, COMMUNES ET SOUS-PREFECTURES",57090.0,12968.0,22.72,671.0,12297.0,INDEPENDANT,CITOYEN ENGAGE POUR LE PEUPLE,117,0.95,False
28,NAWA,150,"BUYO ET DAPEOUA, COMMUNES ET SOUS-PREFECTURES",57090.0,12968.0,22.72,671.0,12297.0,INDEPENDANT,SAYERE MARTIAL OUPOH,1006,16.92,False
28,NAWA,150,"BUYO ET DAPEOUA, COMMUNES ET SOUS-PREFECTURES",57090.0,12968.0,22.72,671.0,12297.0,INDEPENDANT,SAHIFO ALIGBA ARNAUD,432,7.27,False
28,NAWA,150,"BUYO ET DAPEOUA, COMMUNES ET SOUS-PREFECTURES",57090.0,12968.0,22.72,671.0,12297.0,INDEPENDANT,DJEDJE MADOU JOEL,199,3.35,False
28,NAWA,150,"BUYO ET DAPEOUA, COMMUNES ET SOUS-PREFECTURES",57090.0,12968.0,22.72,671.0,12297.0,RHDP,ZAKO OUPO ESAIE,1559,26.22,False
28,NAWA,151,"GRAND-ZATIRY, COMMUNES ET SOUS-PREFECTURE",19273.0,6190.0,32.12,244.0,5946.0,INDEPENDANT,DOBO RENAUD MARCEL ANDREA,171,2.88,False
28,NAWA,151,"GRAND-ZATIRY, COMMUNES ET SOUS-PREFECTURE",19273.0,6190.0,32.12,244.0,5946.0,INDEPENDANT,SERI HORTENSE EMMA,619,10.41,False
28,NAWA,151,"GRAND-ZATIRY, COMMUNES ET SOUS-PREFECTURE",19273.0,6190.0,32.12,244.0,5946.0,PDCI-RDA,GOBO YOKORE BERNARD,1886,31.72,True
28,NAWA,151,"GRAND-ZATIRY, COMMUNES ET SOUS-PREFECTURE",19273.0,6190.0,32.12,244.0,5946.0,INDEPENDANT,SERY KOBOU FABRICE,25,0.42,False
29,NAWA,151,"GRAND-ZATIRY, COMMUNES ET SOUS-PREFECTURE",19273.0,6190.0,32.12,244.0,5946.0,INDEPENDANT,KOUADIO GBOGBO ERIC,430,4.84,False
29,NAWA,151,"GRAND-ZATIRY, COMMUNES ET SOUS-PREFECTURE",19273.0,6190.0,32.12,244.0,5946.0,RHDP,KONE DOSSOGUI,3130,35.26,True
29,NAWA,151,"GRAND-ZATIRY, COMMUNES ET SOUS-PREFECTURE",19273.0,6190.0,32.12,244.0,5946.0,INDEPENDANT,BONI N'GUESSAN PLACIDE -STEPHANE,165,1.86,False
29,NAWA,152,"LILIYO ET OKROUYO, COMMUNES ET SOUS-PREFECTURES",34787.0,9285.0,26.69,409.0,8876.0,INDEPENDANT,ADOU LANDRY JEAN-FRANCOIS,182,2.05,False
29,NAWA,152,"LILIYO ET OKROUYO, COMMUNES ET SOUS-PREFECTURES",34787.0,9285.0,26.69,409.0,8876.0,PDCI-RDA,KOUADIA BEDI NOEL-OLIVIER,2457,27.68,False
29,NAWA,152,"LILIYO ET OKROUYO, COMMUNES ET SOUS-PREFECTURES",34787.0,9285.0,26.69,409.0,8876.0,INDEPENDANT,ZIRIGNON SEKOU LIGNON,1341,14.99,False
29,NAWA,152,"LILIYO ET OKROUYO, COMMUNES ET SOUS-PREFECTURES",34787.0,9285.0,26.69,409.0,8876.0,INDEPENDANT,KOFFI KOUADIO OBED,87,0.97,False
29,NAWA,153,"SOUBRE, COMMUNES ET SOUS-PREFECTURE",53618.0,9246.0,17.24,301.0,8945.0,RHDP,SANGARE MOUSSA,4103,45.87,True
29,NAWA,153,"SOUBRE, COMMUNES ET SOUS-PREFECTURE",53618.0,9246.0,17.24,301.0,8945.0,INDEPENDANT,KONE MAMADOU,85,0.95,False
29,NAWA,153,"SOUBRE, COMMUNES ET SOUS-PREFECTURE",53618.0,9246.0,17.24,301.0,8945.0,PDCI-RDA,DABA DAGNOGO,2524,28.22,False
29,NAWA,153,"SOUBRE, COMMUNES ET SOUS-PREFECTURE",53618.0,9246.0,17.24,301.0,8945.0,INDEPENDANT,BOCANDA CEST CHEZ NOUS,2548,14.6,False
29,NAWA,153,"SOUBRE, COMMUNES ET SOUS-PREFECTURE",53618.0,9246.0,17.24,301.0,8945.0,INDEPENDANT,GENERATION UNIE ET SOLIDAIRE,752,4.31,False
29,NAWA,155,"SOUBRE, COMMUNES ET SOUS-PREFECTURE",44988.0,18242.0,40.55,791.0,17451.0,CNDCI,COHESION-JUSTICE-DEVELOPPEMENT,404,2.32,False
29,NAWA,155,"SOUBRE, COMMUNES ET SOUS-PREFECTURE",44988.0,18242.0,40.55,791.0,17451.0,RHDP,"UNE COTE DIVOIRE EN PAIX, PROSPERE ET SOLIDAIRE",5608,32.14,False
29,NAWA,155,"SOUBRE, COMMUNES ET SOUS-PREFECTURE",44988.0,18242.0,40.55,791.0,17451.0,PDCI-RDA,TOUS ENSEMBLE POUR LA COTE D'IVOIRE,7887,45.2,True
29,NAWA,155,"SOUBRE, COMMUNES ET SOUS-PREFECTURE",44988.0,18242.0,40.55,791.0,17451.0,INDEPENDANT,KOUAKOU KOUADIO JOSEPH,1128,22.15,False
29,NAWA,155,"SOUBRE, COMMUNES ET SOUS-PREFECTURE",44988.0,18242.0,40.55,791.0,17451.0,INDEPENDANT,KOFFI AMANI FERDINAND,256,5.03,False
29,NAWA,155,"SOUBRE, COMMUNES ET SOUS-PREFECTURE",44988.0,18242.0,40.55,791.0,17451.0,RHDP,KOUASSI KOUAKOU NARCISSE,2116,41.56,True
29,NAWA,156,"SOUBRE, COMMUNES ET SOUS-PREFECTURE",13333.0,5319.0,39.89,227.0,5092.0,INDEPENDANT,KANGAH KONAN DENIS,35,0.69,False
29,NAWA,156,"SOUBRE, COMMUNES ET SOUS-PREFECTURE",13333.0,5319.0,39.89,227.0,5092.0,INDEPENDANT,YAPO BERTHE TATIANA,227,4.46,False
29,NAWA,156,"SOUBRE, COMMUNES ET SOUS-PREFECTURE",13333.0,5319.0,39.89,227.0,5092.0,PDCI-RDA,YAO KOFFI JEAN PAUL,1260,24.74,False
29,NAWA,156,"SOUBRE, COMMUNES ET SOUS-PREFECTURE",13333.0,5319.0,39.89,227.0,5092.0,INDEPENDANT,N'GUESSAN JOLIANE CLAIRE EPOUSE KOUAKOU,117,2.06,False
29,NAWA,156,"SOUBRE, COMMUNES ET SOUS-PREFECTURE",13333.0,5319.0,39.89,227.0,5092.0,RHDP,KOFFI EUGENE,1838,32.33,False
29,NAWA,156,"SOUBRE, COMMUNES ET SOUS-PREFECTURE",13333.0,5319.0,39.89,227.0,5092.0,INDEPENDANT,ALLOU CHRISTOPHE N'GORAN,1304,22.93,False
29,NAWA,159,"SOUBRE, COMMUNES ET SOUS-PREFECTURE",13202.0,5902.0,44.71,216.0,5686.0,INDEPENDANT,KOUAME KOUADIO GERARD,161,2.83,False
29,NAWA,159,"SOUBRE, COMMUNES ET SOUS-PREFECTURE",13202.0,5902.0,44.71,216.0,5686.0,PDCI-RDA,LANGUI KOUADIO MARC,2178,38.3,True
29,NAWA,159,"SOUBRE, COMMUNES ET SOUS-PREFECTURE",13202.0,5902.0,44.71,216.0,5686.0,INDEPENDANT,NZI YANN-GABRIEL DIBY,405,3.99,False
29,NAWA,159,"SOUBRE, COMMUNES ET SOUS-PREFECTURE",13202.0,5902.0,44.71,216.0,5686.0,INDEPENDANT,DJAHA JEAN PARNELL,157,1.54,False
29,NAWA,160,"DIMBOKRO, COMMUNE ET SOUS-PREFECTURE",36237.0,10564.0,29.15,401.0,10163.0,RHDP,COULIBALY ADAMA,6793,66.84,True
29,NAWA,160,"DIMBOKRO, COMMUNE ET SOUS-PREFECTURE",36237.0,10564.0,29.15,401.0,10163.0,PDCI-RDA,KONAN KOUAKOU RENE,2513,24.73,False
30,NAWA,160,"DIMBOKRO, COMMUNE ET SOUS-PREFECTURE",36237.0,10564.0,29.15,401.0,10163.0,RHDP,COULIBALY ISSA,6287,45.71,True
30,NAWA,160,"DIMBOKRO, COMMUNE ET SOUS-PREFECTURE",36237.0,10564.0,29.15,401.0,10163.0,INDEPENDANT,BAKAYOKO DAOUDA TENEMANGAN,3849,27.99,False
30,NAWA,163,"DIMBOKRO, COMMUNE ET SOUS-PREFECTURE",28727.0,13999.0,48.73,246.0,13753.0,INDEPENDANT,SORO KADOGNON CHARLES,243,1.77,False
30,NAWA,163,"DIMBOKRO, COMMUNE ET SOUS-PREFECTURE",28727.0,13999.0,48.73,246.0,13753.0,INDEPENDANT,AMINATA OUATTARA,3011,21.89,False
30,NAWA,163,"DIMBOKRO, COMMUNE ET SOUS-PREFECTURE",28727.0,13999.0,48.73,246.0,13753.0,INDEPENDANT,SORO NGOLOGNINHE MAMADOU,7806,39.27,False
30,NAWA,164,"DIMBOKRO, COMMUNE ET SOUS-PREFECTURE",32495.0,20095.0,61.84,218.0,19877.0,RHDP,COULIBALY ALI KADER,11349,57.1,True
30,NAWA,164,"DIMBOKRO, COMMUNE ET SOUS-PREFECTURE",32495.0,20095.0,61.84,218.0,19877.0,INDEPENDANT,DIABATE HAMIDOU,82,0.41,False
30,NAWA,164,"DIMBOKRO, COMMUNE ET SOUS-PREFECTURE",32495.0,20095.0,61.84,218.0,19877.0,RHDP,SORO FOBEH,4605,40.09,False
30,NAWA,165,"KATIALI ET NIOFOIN, COMMUNES ET SOUS-PREFECTURES",16977.0,11753.0,69.23,267.0,11486.0,INDEPENDANT,SORO ZANA,6656,57.95,True
30,NAWA,165,"KATIALI ET NIOFOIN, COMMUNES ET SOUS-PREFECTURES",16977.0,11753.0,69.23,267.0,11486.0,INDEPENDANT,YEO YALLAMISSA,497,6.38,False
30,NAWA,166,"KATIALI ET NIOFOIN, COMMUNES ET SOUS-PREFECTURES",14548.0,7943.0,54.6,153.0,7790.0,INDEPENDANT,COULIBALY DIEUDONNE NANGA,3022,38.79,False
30,NAWA,166,"KATIALI ET NIOFOIN, COMMUNES ET SOUS-PREFECTURES",14548.0,7943.0,54.6,153.0,7790.0,INDEPENDANT,OUATTARA ADAMA BEMITIAN,6484,58.22,True
30,PORO,167,"KATIALI ET NIOFOIN, COMMUNES ET SOUS-PREFECTURES",19557.0,11288.0,57.72,151.0,11137.0,RHDP,TUO SERIBA,4535,40.72,False
30,PORO,167,"KATIALI ET NIOFOIN, COMMUNES ET SOUS-PREFECTURES",19557.0,11288.0,57.72,151.0,11137.0,INDEPENDANT,SIRIKI SEKONGO PELEMON,2868,23.12,False
30,PORO,168,"KATIALI ET NIOFOIN, COMMUNES ET SOUS-PREFECTURES",21203.0,12611.0,59.48,205.0,12406.0,INDEPENDANT,SILUE NANZOUAN PATRICE,2109,17.0,False
30,PORO,168,"KATIALI ET NIOFOIN, COMMUNES ET SOUS-PREFECTURES",21203.0,12611.0,59.48,205.0,12406.0,RHDP,SORO KANIGUI MAMADOU,7092,57.17,True
30,PORO,168,"KATIALI ET NIOFOIN, COMMUNES ET SOUS-PREFECTURES",21203.0,12611.0,59.48,205.0,12406.0,INDEPENDANT,SORO SETIENGOLO,1568,16.96,False
30,PORO,169,"KIEMOU ET NAPIE, COMMUNES ET SOUS-PREFECTURES",21396.0,9378.0,43.83,135.0,9243.0,INDEPENDANT,SORO PENATIRGUE,2963,32.06,False
30,PORO,170,"KIEMOU ET NAPIE, COMMUNES ET SOUS-PREFECTURES",34511.0,32994.0,95.6,12.0,32982.0,RHDP,AMADOU COULIBALY,32981,100.0,True
30,PORO,172,"KORHOGO, VILLE",30231.0,29595.0,97.9,68.0,29527.0,RHDP,SARASSORO GBOROTON FIDELE,29514,99.96,True
30,PORO,172,"KORHOGO, VILLE",30231.0,29595.0,97.9,68.0,29527.0,INDEPENDANT,JEUNESSE NOUVELLE VISION,2038,18.85,False
30,PORO,172,"KORHOGO, VILLE",30231.0,29595.0,97.9,68.0,29527.0,INDEPENDANT,LA VOIX DU PAYSAN POUR UN AVENIR MEILLEUR,415,3.84,False
30,PORO,172,"KORHOGO, VILLE",30231.0,29595.0,97.9,68.0,29527.0,RHDP,UNE COTE DIVOIRE EN PAIX PROSPERE ET SOLIDAIRE,4071,37.65,True
30,PORO,173,"KORHOGO, VILLE",46381.0,11310.0,24.38,498.0,10812.0,INDEPENDANT,UNIS AUTOUR DUNE VISION NOUVELLE DE DEVELOPPEMENT,295,2.73,False
30,PORO,173,"KORHOGO, VILLE",46381.0,11310.0,24.38,498.0,10812.0,INDEPENDANT,BOGA TOILY,369,4.96,False
30,PORO,173,"KORHOGO, VILLE",46381.0,11310.0,24.38,498.0,10812.0,RHDP,KONAN KOUAME ARMAND,4970,66.8,True
30,SAN-PEDRO,174,"KORHOGO, VILLE",28569.0,7631.0,26.71,191.0,7440.0,INDEPENDANT,YAO KOUAME BOB,339,4.56,False
30,SAN-PEDRO,174,"KORHOGO, VILLE",28569.0,7631.0,26.71,191.0,7440.0,PDCI-RDA,GNEPO TAKOUO VINCENT CHARLES,1713,23.02,False
31,SAN-PEDRO,174,"KORHOGO, VILLE",28569.0,7631.0,26.71,191.0,7440.0,INDEPENDANT,"SAN-PEDRO, VISION NOUVELLE",870,3.58,False
31,SAN-PEDRO,174,"KORHOGO, VILLE",28569.0,7631.0,26.71,191.0,7440.0,INDEPENDANT,VISION NOUVELLE,180,0.74,False
31,SAN-PEDRO,174,"KORHOGO, VILLE",28569.0,7631.0,26.71,191.0,7440.0,INDEPENDANT,DEVELOPPEMENT-ESPOIR-PAIX,3813,15.69,False
31,SAN-PEDRO,174,"KORHOGO, VILLE",28569.0,7631.0,26.71,191.0,7440.0,RHDP,"UNE COTE DIVOIRE EN PAIX ,PROSPERE ET SOLIDAIRE",12719,52.33,True
31,SAN-PEDRO,175,"SAN PEDRO, COMMUNE",93355.0,24880.0,26.65,576.0,24304.0,INDEPENDANT,JEUNESSE ENGAGEE NATION TRANSFORMEE,282,1.16,False
31,SAN-PEDRO,175,"SAN PEDRO, COMMUNE",93355.0,24880.0,26.65,576.0,24304.0,INDEPENDANT,ENSEMBLE SAUVONS SAN-PERO,411,1.69,False
31,SAN-PEDRO,175,"SAN PEDRO, COMMUNE",93355.0,24880.0,26.65,576.0,24304.0,CODE,"ENSEMBLE, OSONS LE CHANGEMENT",166,0.68,False
31,SAN-PEDRO,175,"SAN PEDRO, COMMUNE",93355.0,24880.0,26.65,576.0,24304.0,INDEPENDANT,BAROU AFFALA ANDREA SISSIE,69,0.89,False
31,SAN-PEDRO,176,"SAN PEDRO, COMMUNE",25383.0,8058.0,31.75,280.0,7778.0,INDEPENDANT,GNEPA HOTOH DANIEL SEVERIN,147,1.89,False
31,SAN-PEDRO,176,"SAN PEDRO, COMMUNE",25383.0,8058.0,31.75,280.0,7778.0,FPI,HINE DADIE MARIUS,93,1.2,False
31,SAN-PEDRO,176,"SAN PEDRO, COMMUNE",25383.0,8058.0,31.75,280.0,7778.0,PDCI-RDA,GNEPA IROKO JOSEPH,3680,47.31,True
31,SAN-PEDRO,176,"SAN PEDRO, COMMUNE",25383.0,8058.0,31.75,280.0,7778.0,INDEPENDANT,GNEPA DOUBOYOU ALASSANE,367,8.41,False
31,SAN-PEDRO,176,"SAN PEDRO, COMMUNE",25383.0,8058.0,31.75,280.0,7778.0,RHDP,COULIBALY YAYA,2473,56.66,True
31,SAN-PEDRO,177,"SAN PEDRO, COMMUNE",18068.0,4503.0,24.92,138.0,4365.0,INDEPENDANT,OUELLE IRIKA FRANCIS,727,16.66,False
31,SAN-PEDRO,177,"SAN PEDRO, COMMUNE",18068.0,4503.0,24.92,138.0,4365.0,PDCI-RDA,EBINI WHILLIAMS TANOH,742,17.0,False
31,SAN-PEDRO,177,"SAN PEDRO, COMMUNE",18068.0,4503.0,24.92,138.0,4365.0,INDEPENDANT,MAGLOIRE KOUAO ANOMAN,125,1.14,False
31,SAN-PEDRO,177,"SAN PEDRO, COMMUNE",18068.0,4503.0,24.92,138.0,4365.0,INDEPENDANT,AKA EDJOLOHI ETIENNE,368,3.37,False
31,SAN-PEDRO,178,"ABOISSO, COMMUNE",42232.0,11168.0,26.44,246.0,10922.0,INDEPENDANT,BANGA LOUIS PHILIPPE ARTHUR,788,7.21,False
31,SAN-PEDRO,178,"ABOISSO, COMMUNE",42232.0,11168.0,26.44,246.0,10922.0,PDCI-RDA,N'GOUAN JEREMIE ALFRED,5038,46.13,True
31,SAN-PEDRO,178,"ABOISSO, COMMUNE",42232.0,11168.0,26.44,246.0,10922.0,RHDP,AKA AOUELE,11268,66.42,True
31,SAN-PEDRO,179,"KOUAKRO ET MAFERE, COMMUNES ET SOUS-",46549.0,17283.0,37.13,317.0,16966.0,INDEPENDANT,ELLOGNE EBA KOUTOUA SEVERIN CHRISTIAN,1895,23.01,False
31,SUD-COMOE,180,"KOUAKRO ET MAFERE, COMMUNES ET SOUS-",20423.0,8734.0,42.77,500.0,8234.0,RHDP,KAKOU BROU,3651,44.34,True
31,SUD-COMOE,180,"KOUAKRO ET MAFERE, COMMUNES ET SOUS-",20423.0,8734.0,42.77,500.0,8234.0,PDCI-RDA,AMIAN MEHAD DOMINIQUE,2460,29.88,False
31,SUD-COMOE,180,"KOUAKRO ET MAFERE, COMMUNES ET SOUS-",20423.0,8734.0,42.77,500.0,8234.0,RHDP,SIE HIEN,8047,57.95,True
31,SUD-COMOE,180,"KOUAKRO ET MAFERE, COMMUNES ET SOUS-",20423.0,8734.0,42.77,500.0,8234.0,INDEPENDANT,ADJE AIME,5195,37.41,False
31,SUD-COMOE,181,"KOUAKRO ET MAFERE, COMMUNES ET SOUS-",32509.0,14212.0,43.72,327.0,13885.0,INDEPENDANT,BAKILIS MASODA DONNALD,32,0.23,False
31,SUD-COMOE,181,"KOUAKRO ET MAFERE, COMMUNES ET SOUS-",32509.0,14212.0,43.72,327.0,13885.0,PDCI-RDA,KASSI EDGARD ELOH,432,3.11,False
31,SUD-COMOE,181,"KOUAKRO ET MAFERE, COMMUNES ET SOUS-",32509.0,14212.0,43.72,327.0,13885.0,MGC,KAKOU FOBA ANTOINE,133,0.96,False
31,SUD-COMOE,181,"KOUAKRO ET MAFERE, COMMUNES ET SOUS-",32509.0,14212.0,43.72,327.0,13885.0,INDEPENDANT,KOUAME KOUASSI JEAN MICHEL,746,6.0,False
31,SUD-COMOE,181,"KOUAKRO ET MAFERE, COMMUNES ET SOUS-",32509.0,14212.0,43.72,327.0,13885.0,INDEPENDANT,YAMOUSSOUN MOSSOUN CLEMENT,1033,8.3,False
32,SUD-COMOE,182,"BONGO ET BONOUA, COMMUNES ET SOUS-PREFECTURES",56912.0,12764.0,22.43,325.0,12439.0,INDEPENDANT,MIESSAN DANIEL,1599,12.85,False
32,SUD-COMOE,182,"BONGO ET BONOUA, COMMUNES ET SOUS-PREFECTURES",56912.0,12764.0,22.43,325.0,12439.0,RHDP,TRAORE ABDOUL AZIZ,2018,16.22,False
32,SUD-COMOE,182,"BONGO ET BONOUA, COMMUNES ET SOUS-PREFECTURES",56912.0,12764.0,22.43,325.0,12439.0,ADCI,BOKA ANOUMAN ANGE MICHEL,171,1.37,False
32,SUD-COMOE,182,"BONGO ET BONOUA, COMMUNES ET SOUS-PREFECTURES",56912.0,12764.0,22.43,325.0,12439.0,EDS,ECRA ELIDJE JOSEPH,709,5.7,False
32,SUD-COMOE,182,"BONGO ET BONOUA, COMMUNES ET SOUS-PREFECTURES",56912.0,12764.0,22.43,325.0,12439.0,INDEPENDANT,AYEMOU ABLI PATRICE,220,1.77,False
32,SUD-COMOE,182,"BONGO ET BONOUA, COMMUNES ET SOUS-PREFECTURES",56912.0,12764.0,22.43,325.0,12439.0,PDCI-RDA,KOUA MAMAN CECILE EPOUSE ADJE,5893,47.38,True
32,SUD-COMOE,182,"BONGO ET BONOUA, COMMUNES ET SOUS-PREFECTURES",56912.0,12764.0,22.43,325.0,12439.0,INDEPENDANT,DA GUY RICHARD,594,6.11,False
32,SUD-COMOE,182,"BONGO ET BONOUA, COMMUNES ET SOUS-PREFECTURES",56912.0,12764.0,22.43,325.0,12439.0,INDEPENDANT,YAO RENE KOUAKOU,98,1.01,False
32,SUD-COMOE,182,"BONGO ET BONOUA, COMMUNES ET SOUS-PREFECTURES",56912.0,12764.0,22.43,325.0,12439.0,INDEPENDANT,LOUA NYELEKE FELIX,774,7.97,False
32,SUD-COMOE,182,"BONGO ET BONOUA, COMMUNES ET SOUS-PREFECTURES",56912.0,12764.0,22.43,325.0,12439.0,PDCI-RDA,- EDS OUEGNIN GEORGES ARMAND ALEXIS,2719,27.98,False
32,SUD-COMOE,182,"BONGO ET BONOUA, COMMUNES ET SOUS-PREFECTURES",56912.0,12764.0,22.43,325.0,12439.0,RHDP,BAKARY KAMARA,2933,37.9,False
32,SUD-COMOE,182,"BONGO ET BONOUA, COMMUNES ET SOUS-PREFECTURES",56912.0,12764.0,22.43,325.0,12439.0,INDEPENDANT,SANGARE ISSA,3360,43.42,True
32,SUD-COMOE,182,"BONGO ET BONOUA, COMMUNES ET SOUS-PREFECTURES",56912.0,12764.0,22.43,325.0,12439.0,INDEPENDANT,ANDI ADOUALOU ROLAND,740,9.56,False
32,SUD-COMOE,184,"BONGO ET BONOUA, COMMUNES ET SOUS-PREFECTURES",17411.0,8000.0,45.95,261.0,7739.0,INDEPENDANT,KONATE SEYDOU,522,6.75,False
32,SUD-COMOE,184,"BONGO ET BONOUA, COMMUNES ET SOUS-PREFECTURES",17411.0,8000.0,45.95,261.0,7739.0,INDEPENDANT,DONGO ABDOUL FATAOU,103,1.33,False
32,SUD-COMOE,184,"BONGO ET BONOUA, COMMUNES ET SOUS-PREFECTURES",17411.0,8000.0,45.95,261.0,7739.0,ADCI,SOBO ELIAMON N'HINZAN,39,0.5,False
32,SUD-COMOE,185,"BONGO ET BONOUA, COMMUNES ET SOUS-PREFECTURES",25546.0,23651.0,92.58,26.0,23625.0,RHDP,"UNE COTE DIVOIRE EN PAIX,PROSPERE ET SOLIDAIRE",23614,99.95,True
32,SUD-COMOE,185,"BONGO ET BONOUA, COMMUNES ET SOUS-PREFECTURES",25546.0,23651.0,92.58,26.0,23625.0,INDEPENDANT,SANOGO MASSANPIENWORO SEYDOU,1781,14.32,False
32,TCHOLOGO,188,"BONGO ET BONOUA, COMMUNES ET SOUS-PREFECTURES",43211.0,40576.0,93.9,83.0,40493.0,RHDP,SANOGO MAMADOU,40406,99.79,True
32,TCHOLOGO,189,"BONGO ET BONOUA, COMMUNES ET SOUS-PREFECTURES",27287.0,19350.0,70.91,163.0,19187.0,RHDP,TRAORE DRISSA,19046,99.27,True
32,TCHOLOGO,189,"BONGO ET BONOUA, COMMUNES ET SOUS-PREFECTURES",27287.0,19350.0,70.91,163.0,19187.0,INDEPENDANT,GBOGBO KANDO,1401,9.53,False
32,TCHOLOGO,190,"BONGO ET BONOUA, COMMUNES ET SOUS-PREFECTURES",37201.0,14810.0,39.81,113.0,14697.0,RHDP,GUEI SINGA MIREILLE CHANTAL,11734,79.84,True
32,TCHOLOGO,190,"BONGO ET BONOUA, COMMUNES ET SOUS-PREFECTURES",37201.0,14810.0,39.81,113.0,14697.0,PDCI-RDA,SOUMAHORO DJENEBA,1412,9.61,False
32,TCHOLOGO,190,"BONGO ET BONOUA, COMMUNES ET SOUS-PREFECTURES",37201.0,14810.0,39.81,113.0,14697.0,RHDP,WOI MELA GASTON AIME,3693,50.24,True
32,TONKPI,191,"BONGO ET BONOUA, COMMUNES ET SOUS-PREFECTURES",15101.0,7589.0,50.25,239.0,7350.0,INDEPENDANT,VEHI ALPHONSE,119,1.62,False
32,TONKPI,191,"BONGO ET BONOUA, COMMUNES ET SOUS-PREFECTURES",15101.0,7589.0,50.25,239.0,7350.0,FPI,GOUE JULES,467,6.35,False
32,TONKPI,191,"BONGO ET BONOUA, COMMUNES ET SOUS-PREFECTURES",15101.0,7589.0,50.25,239.0,7350.0,INDEPENDANT,BLE HUYO KANO,182,2.48,False
32,TONKPI,191,"BONGO ET BONOUA, COMMUNES ET SOUS-PREFECTURES",15101.0,7589.0,50.25,239.0,7350.0,INDEPENDANT,ZOH ZRANWE JEAN YVES,104,1.41,False
33,TONKPI,191,"BONGO ET BONOUA, COMMUNES ET SOUS-PREFECTURES",15101.0,7589.0,50.25,239.0,7350.0,INDEPENDANT,DIOMANDE DRO JOEL,1865,28.67,True
33,TONKPI,191,"BONGO ET BONOUA, COMMUNES ET SOUS-PREFECTURES",15101.0,7589.0,50.25,239.0,7350.0,INDEPENDANT,KEITA ADAMA,690,10.61,False
33,TONKPI,191,"BONGO ET BONOUA, COMMUNES ET SOUS-PREFECTURES",15101.0,7589.0,50.25,239.0,7350.0,INDEPENDANT,DIOMANDE JEAN-LOUTY,1570,24.14,False
33,TONKPI,192,"BONGO ET BONOUA, COMMUNES ET SOUS-PREFECTURES",14298.0,6588.0,46.08,84.0,6504.0,RHDP,TOKPA MANINGA,1667,25.63,False
33,TONKPI,192,"BONGO ET BONOUA, COMMUNES ET SOUS-PREFECTURES",14298.0,6588.0,46.08,84.0,6504.0,INDEPENDANT,SOPOUDEU ONGNEU SOLANGE,118,1.81,False
33,TONKPI,192,"BONGO ET BONOUA, COMMUNES ET SOUS-PREFECTURES",14298.0,6588.0,46.08,84.0,6504.0,INDEPENDANT,LOTTRO SABIAN VALLEY MINSOU,311,4.78,False
33,TONKPI,192,"BONGO ET BONOUA, COMMUNES ET SOUS-PREFECTURES",14298.0,6588.0,46.08,84.0,6504.0,INDEPENDANT,YORO LOUTY REBECCA,195,3.0,False
33,TONKPI,192,"BONGO ET BONOUA, COMMUNES ET SOUS-PREFECTURES",14298.0,6588.0,46.08,84.0,6504.0,INDEPENDANT,AGIR ENSEMBLE POUR LE NIMBA,6685,37.38,True
33,TONKPI,192,"BONGO ET BONOUA, COMMUNES ET SOUS-PREFECTURES",14298.0,6588.0,46.08,84.0,6504.0,INDEPENDANT,TRAVAILLONS POUR BATIR DANANE,721,4.03,False
33,TONKPI,192,"BONGO ET BONOUA, COMMUNES ET SOUS-PREFECTURES",14298.0,6588.0,46.08,84.0,6504.0,INDEPENDANT,ACTION SOLIDARITE POUR DANANE,729,4.08,False
33,TONKPI,192,"BONGO ET BONOUA, COMMUNES ET SOUS-PREFECTURES",14298.0,6588.0,46.08,84.0,6504.0,INDEPENDANT,ENSEMBLE POUR LE DEVELOPPEMENT DE DANANE,2283,12.77,False
33,TONKPI,193,"BONGO ET BONOUA, COMMUNES ET SOUS-PREFECTURES",64623.0,18599.0,28.78,715.0,17884.0,RHDP,"UNE COTE DIVOIRE EN PAIX, PROSPERE ET SOLIDAIRE",5597,31.3,False
33,TONKPI,193,"BONGO ET BONOUA, COMMUNES ET SOUS-PREFECTURES",64623.0,18599.0,28.78,715.0,17884.0,INDEPENDANT,LA JEUNESSE DEBOUT POUR LE DEVELOPPEMENT,672,3.76,False
33,TONKPI,193,"BONGO ET BONOUA, COMMUNES ET SOUS-PREFECTURES",64623.0,18599.0,28.78,715.0,17884.0,INDEPENDANT,AIDONS NOS PARENTS,108,0.6,False
33,TONKPI,193,"BONGO ET BONOUA, COMMUNES ET SOUS-PREFECTURES",64623.0,18599.0,28.78,715.0,17884.0,PDCI-RDA,TOUS ENSEMBLE POUR LA COTE D'IVOIRE,882,4.93,False
33,TONKPI,193,"BONGO ET BONOUA, COMMUNES ET SOUS-PREFECTURES",64623.0,18599.0,28.78,715.0,17884.0,INDEPENDANT,GOUET CHARLEMAGNE,1387,17.07,False
33,TONKPI,193,"BONGO ET BONOUA, COMMUNES ET SOUS-PREFECTURES",64623.0,18599.0,28.78,715.0,17884.0,INDEPENDANT,GOMUN DOH EMILE CHARLES LEA,1295,15.94,False
33,TONKPI,194,"BONGO ET BONOUA, COMMUNES ET SOUS-PREFECTURES",22392.0,8583.0,38.33,457.0,8126.0,RHDP,KEGBAN KEGBAN BERNARD,3138,38.62,True
33,TONKPI,194,"BONGO ET BONOUA, COMMUNES ET SOUS-PREFECTURES",22392.0,8583.0,38.33,457.0,8126.0,INDEPENDANT,TIA SEUNA ANGELINE,68,0.84,False
33,TONKPI,194,"BONGO ET BONOUA, COMMUNES ET SOUS-PREFECTURES",22392.0,8583.0,38.33,457.0,8126.0,INDEPENDANT,DOUMBOUYA MOUHAMED,90,1.11,False
33,TONKPI,194,"BONGO ET BONOUA, COMMUNES ET SOUS-PREFECTURES",22392.0,8583.0,38.33,457.0,8126.0,INDEPENDANT,SREU ZOTAHON CYPRIEN,36,0.44,False
33,TONKPI,194,"BONGO ET BONOUA, COMMUNES ET SOUS-PREFECTURES",22392.0,8583.0,38.33,457.0,8126.0,INDEPENDANT,SADIA KOUI SALOMON,516,6.46,False
33,TONKPI,194,"BONGO ET BONOUA, COMMUNES ET SOUS-PREFECTURES",22392.0,8583.0,38.33,457.0,8126.0,INDEPENDANT,DION NESTOR,881,11.03,False
33,TONKPI,194,"BONGO ET BONOUA, COMMUNES ET SOUS-PREFECTURES",22392.0,8583.0,38.33,457.0,8126.0,INDEPENDANT,OUEHI FEH BIAYO GISELE EPSE KOFFI,2681,33.58,True
33,TONKPI,194,"BONGO ET BONOUA, COMMUNES ET SOUS-PREFECTURES",22392.0,8583.0,38.33,457.0,8126.0,INDEPENDANT,YAKE EVARISTE,570,7.14,False
33,TONKPI,195,"BONGO ET BONOUA, COMMUNES ET SOUS-PREFECTURES",20102.0,8315.0,41.36,331.0,7984.0,INDEPENDANT,HONGNIN EVARISTE,443,5.55,False
33,TONKPI,195,"BONGO ET BONOUA, COMMUNES ET SOUS-PREFECTURES",20102.0,8315.0,41.36,331.0,7984.0,RHDP,SERY PASCAL,2339,29.3,False
33,TONKPI,195,"BONGO ET BONOUA, COMMUNES ET SOUS-PREFECTURES",20102.0,8315.0,41.36,331.0,7984.0,INDEPENDANT,BLY SEMONDA GISELE,286,3.58,False
33,TONKPI,195,"BONGO ET BONOUA, COMMUNES ET SOUS-PREFECTURES",20102.0,8315.0,41.36,331.0,7984.0,INDEPENDANT,SIABA ANTOINE-CONSTANT,66,0.83,False
33,TONKPI,195,"BONGO ET BONOUA, COMMUNES ET SOUS-PREFECTURES",20102.0,8315.0,41.36,331.0,7984.0,PDCI-RDA,DAN GONSAN CHARLES VALENTINI,124,1.55,False
34,TONKPI,195,"BONGO ET BONOUA, COMMUNES ET SOUS-PREFECTURES",20102.0,8315.0,41.36,331.0,7984.0,INDEPENDANT,YAKE GONDO ALFRED,5002,29.43,False
34,TONKPI,195,"BONGO ET BONOUA, COMMUNES ET SOUS-PREFECTURES",20102.0,8315.0,41.36,331.0,7984.0,INDEPENDANT,BLEU SOLO MEXIMINE,457,2.69,False
34,TONKPI,195,"BONGO ET BONOUA, COMMUNES ET SOUS-PREFECTURES",20102.0,8315.0,41.36,331.0,7984.0,INDEPENDANT,MAHAN DETOH TIA ARMAND,772,4.54,False
34,TONKPI,195,"BONGO ET BONOUA, COMMUNES ET SOUS-PREFECTURES",20102.0,8315.0,41.36,331.0,7984.0,RHDP,DION REMI,5634,33.15,True
34,TONKPI,196,"SANDOUGOU-SOBA, SANGOUINE ET ZAGOUE, COMMUNES",39659.0,17734.0,44.72,738.0,16996.0,GP-PAIX,BONTA GOUE FERNAND,191,1.12,False
34,TONKPI,196,"SANDOUGOU-SOBA, SANGOUINE ET ZAGOUE, COMMUNES",39659.0,17734.0,44.72,738.0,16996.0,INDEPENDANT,MOMINE YAOUE ALEXIS,154,0.91,False
34,TONKPI,196,"SANDOUGOU-SOBA, SANGOUINE ET ZAGOUE, COMMUNES",39659.0,17734.0,44.72,738.0,16996.0,FPI,SIA ANDRE,3909,23.0,False
34,TONKPI,196,"SANDOUGOU-SOBA, SANGOUINE ET ZAGOUE, COMMUNES",39659.0,17734.0,44.72,738.0,16996.0,INDEPENDANT,ENSEMBLE POUR MAN,8117,36.97,False
34,TONKPI,196,"SANDOUGOU-SOBA, SANGOUINE ET ZAGOUE, COMMUNES",39659.0,17734.0,44.72,738.0,16996.0,RHDP,"UNE COTE DIVOIRE EN PAIX, PROSPERE ET SOLIDAIRE",13382,60.96,True
34,TONKPI,196,"SANDOUGOU-SOBA, SANGOUINE ET ZAGOUE, COMMUNES",39659.0,17734.0,44.72,738.0,16996.0,RHDP,MABRI TOIKEUSSE ALBERT ABDALLAH,11051,85.16,True
34,TONKPI,196,"SANDOUGOU-SOBA, SANGOUINE ET ZAGOUE, COMMUNES",39659.0,17734.0,44.72,738.0,16996.0,INDEPENDANT,WONDIE KEBA DANIEL,575,4.43,False
34,TONKPI,198,"SANDOUGOU-SOBA, SANGOUINE ET ZAGOUE, COMMUNES",48980.0,13295.0,27.14,318.0,12977.0,CODE,GOUANDAI MAHAN BARTHELEMY,154,1.19,False
34,TONKPI,198,"SANDOUGOU-SOBA, SANGOUINE ET ZAGOUE, COMMUNES",48980.0,13295.0,27.14,318.0,12977.0,PDCI-RDA,PEHE TOUHOUEGBEU KEVIN,1033,7.96,False
34,TONKPI,198,"SANDOUGOU-SOBA, SANGOUINE ET ZAGOUE, COMMUNES",48980.0,13295.0,27.14,318.0,12977.0,RHDP,KOKOUSSEU TOMIN ALEXIS,1819,24.37,True
34,TONKPI,198,"SANDOUGOU-SOBA, SANGOUINE ET ZAGOUE, COMMUNES",48980.0,13295.0,27.14,318.0,12977.0,INDEPENDANT,GUEI DANIN MAGLOIRE,1618,21.68,False
34,TONKPI,199,"SANDOUGOU-SOBA, SANGOUINE ET ZAGOUE, COMMUNES",15441.0,7970.0,51.62,507.0,7463.0,INDEPENDANT,GONGBE DOUO MACAIRE,1509,20.22,False
34,TONKPI,199,"SANDOUGOU-SOBA, SANGOUINE ET ZAGOUE, COMMUNES",15441.0,7970.0,51.62,507.0,7463.0,INDEPENDANT,DIKO YAKEUSSEU HERBERT,1102,14.77,False
34,TONKPI,199,"SANDOUGOU-SOBA, SANGOUINE ET ZAGOUE, COMMUNES",15441.0,7970.0,51.62,507.0,7463.0,PDCI-RDA,DIGONLA KEULEGBE IRENE,1335,17.89,False
34,TONKPI,199,"SANDOUGOU-SOBA, SANGOUINE ET ZAGOUE, COMMUNES",15441.0,7970.0,51.62,507.0,7463.0,INDEPENDANT,DOUMBIA YACOUBOU AHMED,2605,19.61,False
34,TONKPI,200,"SANDOUGOU-SOBA, SANGOUINE ET ZAGOUE, COMMUNES",20380.0,13373.0,65.62,90.0,13283.0,RHDP,KONE ABOUBACAR SIDIKI,10470,78.82,True
34,TONKPI,200,"SANDOUGOU-SOBA, SANGOUINE ET ZAGOUE, COMMUNES",20380.0,13373.0,65.62,90.0,13283.0,INDEPENDANT,YACOUBA MEITE,202,2.7,False
34,TONKPI,200,"SANDOUGOU-SOBA, SANGOUINE ET ZAGOUE, COMMUNES",20380.0,13373.0,65.62,90.0,13283.0,INDEPENDANT,MEITE YAYA,4329,57.89,True
34,TONKPI,201,"KANI, COMMUNE ET SOUS-PREFECTURE",13143.0,7621.0,57.99,143.0,7478.0,RHDP,MEITE BEN ABDOULAYE,2530,33.83,False
34,TONKPI,201,"KANI, COMMUNE ET SOUS-PREFECTURE",13143.0,7621.0,57.99,143.0,7478.0,INDEPENDANT,LADJI MEITE,302,4.04,False
34,TONKPI,201,"KANI, COMMUNE ET SOUS-PREFECTURE",13143.0,7621.0,57.99,143.0,7478.0,INDEPENDANT,SOUMAHORO ADAMA,357,5.01,False
34,TONKPI,201,"KANI, COMMUNE ET SOUS-PREFECTURE",13143.0,7621.0,57.99,143.0,7478.0,INDEPENDANT,MOUSTAPHA FALL,1214,17.05,False
34,TONKPI,201,"KANI, COMMUNE ET SOUS-PREFECTURE",13143.0,7621.0,57.99,143.0,7478.0,RHDP,TIMITE SAHINDOU,3038,42.66,True
34,PORO,203,"SEGUELA, COMMUNE",20148.0,7201.0,35.74,80.0,7121.0,INDEPENDANT,KEITA LASSINA,123,1.73,False
34,PORO,203,"SEGUELA, COMMUNE",20148.0,7201.0,35.74,80.0,7121.0,INDEPENDANT,FOFANA GAOUSSOU,2023,28.41,False
34,PORO,203,"SEGUELA, COMMUNE",20148.0,7201.0,35.74,80.0,7121.0,PDCI-RDA,ALI BAKAYOKO,195,2.74,False
35,PORO,203,"SEGUELA, COMMUNE",20148.0,7201.0,35.74,80.0,7121.0,INDEPENDANT,DOSSO ABOUBACAR SIDIKY,2392,33.0,False
35,PORO,203,"SEGUELA, COMMUNE",20148.0,7201.0,35.74,80.0,7121.0,INDEPENDANT,COULIBALY METOBA,2076,28.64,False
35,PORO,204,"SEGUELA, COMMUNE",12876.0,7334.0,56.96,85.0,7249.0,RHDP,DOSSO MAMADOU,2545,35.11,True
35,PORO,204,"SEGUELA, COMMUNE",12876.0,7334.0,56.96,85.0,7249.0,INDEPENDANT,KONE NEDJON,7,0.1,False
35,PORO,204,"SEGUELA, COMMUNE",12876.0,7334.0,56.96,85.0,7249.0,INDEPENDANT,KONE LOSSENI,46,0.36,False
35,WORODOUGOU,205,"SEGUELA, COMMUNE",19878.0,12803.0,64.41,131.0,12672.0,INDEPENDANT,TRAORE SEKOU,646,5.1,False
35,WORODOUGOU,205,"SEGUELA, COMMUNE",19878.0,12803.0,64.41,131.0,12672.0,PDCI-RDA,TRAORE MATAGALY KARIDJA,408,3.22,False
